Date,Time,BMS- Power,MPSA- Ouput P,Load MFM- Active Power,BMS- State of Charge,DG MFM- Active Power,Irradiation,Solar MFM- Active Power
10-11-2024,05:24:31,0,0,0,10,13.4,0.7,-0.1
10-11-2024,05:25:01,0,0,0,10,13.3,0.8,-0.1
10-11-2024,05:25:31,0,0,0,10,13.3,0.8,-0.1
10-11-2024,05:26:01,0,0,0,10,13.2,0.7,-0.1
10-11-2024,05:26:31,0,0,0,10,13.2,0.7,-0.1
10-11-2024,05:27:01,0,0,0,10,13.3,0.8,-0.1
10-11-2024,05:27:31,0,0,0,10,13.3,0.8,-0.1
10-11-2024,05:28:01,0,0,0,10,11.5,0.7,-0.1
10-11-2024,05:28:31,0,0,0,10,11.5,0.7,-0.1
10-11-2024,05:29:01,0,0,0,10,11.5,0.7,-0.1
10-11-2024,05:29:31,0,0,0,10,11.5,0.7,-0.1
10-11-2024,05:30:01,0,0,0,10,11.5,0.7,-0.1
10-11-2024,05:30:31,0,0,0,10,11.5,0.7,-0.1
10-11-2024,05:31:01,0,0,0,10,11.5,0.7,-0.1
10-11-2024,05:31:31,0,0,0,10,11.5,0.7,-0.1
10-11-2024,05:32:01,0,0,0,10,11.5,0.6,-0.1
10-11-2024,05:32:31,0,0,0,10,11.5,0.6,-0.1
10-11-2024,05:33:01,0,0,0,10,11.5,0.8,-0.1
10-11-2024,05:33:31,0,0,0,10,11.5,0.8,-0.1
10-11-2024,05:34:01,0,0,0,10,11.5,0.7,-0.1
10-11-2024,05:34:31,0,0,0,10,11.5,0.7,-0.1
10-11-2024,05:35:01,0,0,0,10,11.5,0.7,-0.1
10-11-2024,05:35:31,0,0,0,10,11.5,0.7,-0.1
10-11-2024,05:36:01,0,0,0,10,11.6,0.7,-0.1
10-11-2024,05:36:31,0,0,0,10,11.6,0.7,-0.1
10-11-2024,05:37:01,0,0,0,10,11.1,0.7,-0.1
10-11-2024,05:37:31,0,0,0,10,11.1,0.7,-0.1
10-11-2024,05:38:01,0,0,0,10,11,0.7,-0.1
10-11-2024,05:38:31,0,0,0,10,11.1,0.7,-0.1
10-11-2024,05:39:01,0,0,0,10,11.1,0.7,-0.1
10-11-2024,05:39:31,0,0,0,10,11.1,0.7,-0.1
10-11-2024,05:40:01,0,0,0,10,11.1,0.8,-0.1
10-11-2024,05:40:31,0,0,0,10,11,0.8,-0.1
10-11-2024,05:41:01,0,0,0,10,11.1,0.7,-0.1
10-11-2024,05:41:31,0,0,0,10,11,0.7,-0.1
10-11-2024,05:42:01,0,0,0,10,12.9,0.8,-0.1
10-11-2024,05:42:31,0,0,0,10,12.9,0.8,-0.1
10-11-2024,05:43:01,0,0,0,10,13,0.7,-0.1
10-11-2024,05:43:31,0,0,0,10,12.9,0.8,-0.1
10-11-2024,05:44:01,0,0,0,10,12.9,0.7,-0.1
10-11-2024,05:44:31,0,0,0,10,12.9,0.7,-0.1
10-11-2024,05:45:01,0,0,0,10,12.8,0.7,-0.1
10-11-2024,05:45:31,0,0,0,10,12.8,0.7,-0.1
10-11-2024,05:46:01,0,0,0,10,12.8,0.7,-0.1
10-11-2024,05:46:31,0,0,0,10,12.8,0.7,-0.1
10-11-2024,05:47:01,0,0,0,10,11,0.7,-0.1
10-11-2024,05:47:31,0,0,0,10,11,0.7,-0.1
10-11-2024,05:48:01,0,0,0,10,11,0.7,-0.1
10-11-2024,05:48:31,0,0,0,10,11,0.7,-0.1
10-11-2024,05:49:01,0,0,0,10,11.1,0.7,-0.1
10-11-2024,05:49:31,0,0,0,10,11,0.7,-0.1
10-11-2024,05:50:01,0,0,0,10,11,0.7,-0.1
10-11-2024,05:50:31,0,0,0,10,11,0.7,-0.1
10-11-2024,05:51:01,0,0,0,10,11,0.7,-0.1
10-11-2024,05:51:31,0,0,0,10,11,0.7,-0.1
10-11-2024,05:52:01,0,0,0,10,11,0.7,-0.1
10-11-2024,05:52:31,0,0,0,10,11,0.7,-0.1
10-11-2024,05:53:01,0,0,0,10,11,0.8,-0.1
10-11-2024,05:53:31,0,0,0,10,11,0.8,-0.1
10-11-2024,05:54:01,0,0,0,10,11,0.8,-0.1
10-11-2024,05:54:31,0,0,0,10,11.1,0.8,-0.1
10-11-2024,05:55:01,0,0,0,10,11,0.6,-0.1
10-11-2024,05:55:31,0,0,0,10,11,0.7,-0.1
10-11-2024,05:56:01,0,0,0,10,11.3,0.8,-0.1
10-11-2024,05:56:31,0,0,0,10,11.3,0.8,-0.1
10-11-2024,05:57:01,0,0,0,10,11.5,0.7,-0.1
10-11-2024,05:57:31,0,0,0,10,11.5,0.7,-0.1
10-11-2024,05:58:01,0,0,0,10,11.4,0.8,-0.1
10-11-2024,05:58:31,0,0,0,10,11.4,0.8,-0.1
10-11-2024,05:59:01,0,0,0,10,11.4,0.7,-0.1
10-11-2024,05:59:31,0,0,0,10,11.4,0.7,-0.1
10-11-2024,06:00:01,0,0,0,10,11.4,0.7,-0.1
10-11-2024,06:00:31,0,0,0,10,11.5,0.7,-0.1
10-11-2024,06:01:01,0,0,0,8,11.4,0.7,-0.1
10-11-2024,06:01:31,0,0,0,8,11.4,0.7,-0.1
10-11-2024,06:02:01,0,0,0,8,13.3,0.6,-0.1
10-11-2024,06:02:31,0,0,0,8,13.3,0.6,-0.1
10-11-2024,06:03:01,0,0,0,8,13.3,0.8,-0.1
10-11-2024,06:03:31,0,0,0,8,13.3,0.8,-0.1
10-11-2024,06:04:01,0,0,0,8,13.2,0.7,-0.1
10-11-2024,06:04:31,0,0,0,8,13.2,0.8,-0.1
10-11-2024,06:05:01,0,0,0,8,13.2,0.8,-0.1
10-11-2024,06:05:31,0,0,0,8,13.2,0.8,-0.1
10-11-2024,06:06:01,0,0,0,8,13.1,0.7,-0.1
10-11-2024,06:06:31,0,0,0,8,13.1,0.7,-0.1
10-11-2024,06:07:01,0,0,0,8,11.4,0.8,-0.1
10-11-2024,06:07:31,0,0,0,8,11.4,0.8,-0.1
10-11-2024,06:08:01,0,0,0,8,11.4,0.7,-0.1
10-11-2024,06:08:31,0,0,0,8,11.4,0.8,-0.1
10-11-2024,06:09:01,0,0,0,8,11.4,0.7,-0.1
10-11-2024,06:09:31,0,0,0,8,11.4,0.8,-0.1
10-11-2024,06:10:01,0,0,0,8,11.4,0.7,-0.1
10-11-2024,06:10:31,0,0,0,8,11.4,0.7,-0.1
10-11-2024,06:11:01,0,0,0,8,11.4,0.8,-0.1
10-11-2024,06:11:31,0,0,0,8,11.4,0.7,-0.1
10-11-2024,06:12:01,0,0,0,8,11,0.8,-0.1
10-11-2024,06:12:31,0,0,0,8,11,0.8,-0.1
10-11-2024,06:13:01,0,0,0,8,11,0.7,-0.1
10-11-2024,06:13:31,0,0,0,8,11,0.7,-0.1
10-11-2024,06:14:01,0,0,0,8,10.9,0.8,-0.1
10-11-2024,06:14:31,0,0,0,8,11,0.7,-0.1
10-11-2024,06:15:01,0,0,0,8,10.9,0.9,-0.1
10-11-2024,06:15:31,0,0,0,8,11,0.9,-0.1
10-11-2024,06:16:01,0,0,0,8,10.9,0.8,-0.1
10-11-2024,06:16:31,0,0,0,8,10.9,0.8,-0.1
10-11-2024,06:17:01,0,0,0,8,11,0.8,-0.1
10-11-2024,06:17:31,0,0,0,8,11,0.8,-0.1
10-11-2024,06:18:01,0,0,0,8,10.9,0.9,-0.1
10-11-2024,06:18:31,0,0,0,8,10.9,0.8,-0.1
10-11-2024,06:19:01,0,0,0,8,11,0.9,-0.1
10-11-2024,06:19:31,0,0,0,8,11,0.9,-0.1
10-11-2024,06:20:01,0,0,0,8,10.9,0.9,-0.1
10-11-2024,06:20:31,0,0,0,8,10.9,0.9,-0.1
10-11-2024,06:21:01,0,0,0,8,12.1,1,-0.1
10-11-2024,06:21:31,0,0,0,8,12.1,1,-0.1
10-11-2024,06:22:01,0,0,0,8,12.9,1.1,-0.1
10-11-2024,06:22:31,0,0,0,8,12.8,1,-0.1
10-11-2024,06:23:01,0,0,0,8,12.8,1.2,-0.1
10-11-2024,06:23:31,0,0,0,8,12.8,1.2,-0.1
10-11-2024,06:24:01,0,0,0,8,12.8,1.2,-0.1
10-11-2024,06:24:31,0,0,0,8,12.7,1.2,-0.1
10-11-2024,06:25:01,0,0,0,8,12.8,1.1,-0.1
10-11-2024,06:25:31,0,0,0,8,12.8,1.2,-0.1
10-11-2024,06:26:01,0,0,0,8,12.7,1.3,-0.1
10-11-2024,06:26:31,0,0,0,8,12.7,1.3,-0.1
10-11-2024,06:27:01,0,0,0,8,11,1.5,-0.1
10-11-2024,06:27:31,0,0,0,8,11,1.5,-0.1
10-11-2024,06:28:01,0,0,0,8,11,1.7,-0.1
10-11-2024,06:28:31,0,0,0,8,11,1.7,-0.1
10-11-2024,06:29:01,0,0,0,8,11,1.9,-0.1
10-11-2024,06:29:31,0,0,0,8,11,1.8,-0.1
10-11-2024,06:30:01,0,0,0,8,11,2.2,-0.1
10-11-2024,06:30:31,0,0,0,8,11,2.2,-0.1
10-11-2024,06:31:01,0,0,0,8,11,2.2,-0.1
10-11-2024,06:31:31,0,0,0,8,11,2.2,-0.1
10-11-2024,06:32:01,0,0,0,8,11,2.5,-0.1
10-11-2024,06:32:31,0,0,0,8,11,2.5,-0.1
10-11-2024,06:33:01,0,0,0,8,11,2.8,-0.1
10-11-2024,06:33:31,0,0,0,8,11,2.8,-0.1
10-11-2024,06:34:01,0,0,0,8,11,3,-0.1
10-11-2024,06:34:31,0,0,0,8,11,3,-0.1
10-11-2024,06:35:01,0,0,0,8,10.9,3.2,-0.1
10-11-2024,06:35:31,0,0,0,8,10.9,3.2,-0.1
10-11-2024,06:36:01,0,0,0,8,11,3.7,-0.1
10-11-2024,06:36:31,0,0,0,8,11,3.7,-0.1
10-11-2024,06:37:01,0,0,0,8,10.9,3.9,-0.1
10-11-2024,06:37:31,0,0,0,8,10.9,3.9,-0.1
10-11-2024,06:38:01,0,0,0,8,11,4.4,-0.1
10-11-2024,06:38:31,0,0,0,8,11,4.4,-0.1
10-11-2024,06:39:01,0,0,0,8,11,4.8,-0.1
10-11-2024,06:39:31,0,0,0,8,11,4.8,-0.1
10-11-2024,06:40:01,0,0,0,8,10.9,5.5,-0.1
10-11-2024,06:40:31,0,0,0,8,11,5.5,-0.1
10-11-2024,06:41:01,0,0,0,8,10.9,6,-0.1
10-11-2024,06:41:31,0,0,0,8,10.9,6,-0.1
10-11-2024,06:42:01,0,0,0,8,12.9,6.9,-0.1
10-11-2024,06:42:31,0,0,0,8,12.9,6.9,-0.1
10-11-2024,06:43:01,0,0,0,8,12.8,7.6,-0.1
10-11-2024,06:43:31,0,0,0,8,12.8,7.6,-0.1
10-11-2024,06:44:01,0,0,0,8,12.7,8.5,-0.1
10-11-2024,06:44:31,0,0,0,8,12.7,8.5,-0.1
10-11-2024,06:45:01,0,0,0,8,12.8,9.4,-0.1
10-11-2024,06:45:31,0,0,0,8,12.8,9.4,-0.1
10-11-2024,06:46:01,0,0,0,8,12.7,11.1,-0.1
10-11-2024,06:46:31,0,0,0,8,12.7,11.1,-0.1
10-11-2024,06:47:01,0,0,0,8,11,12.1,-0.1
10-11-2024,06:47:31,0,0,0,8,11,12.1,-0.1
10-11-2024,06:48:01,0,0,0,8,11,13.3,-0.1
10-11-2024,06:48:31,0,0,0,8,11,13.3,-0.1
10-11-2024,06:49:01,0,0,0,8,10.9,14.3,-0.1
10-11-2024,06:49:31,0,0,0,8,10.9,14.3,-0.1
10-11-2024,06:50:01,0,0,0,8,11,16.1,-0.1
10-11-2024,06:50:31,0,0,0,8,11,16.1,-0.1
10-11-2024,06:51:01,0,0,0,8,10.9,17.5,-0.1
10-11-2024,06:51:31,0,0,0,8,10.9,17.5,-0.1
10-11-2024,06:52:01,0,0,0,8,11,18.8,-0.1
10-11-2024,06:52:31,0,0,0,8,11,18.8,-0.1
10-11-2024,06:53:01,0,0,0,8,11,20.3,-0.1
10-11-2024,06:53:31,0,0,0,8,11,20.3,-0.1
10-11-2024,06:54:01,0,0,0,8,11,21.4,-0.1
10-11-2024,06:54:31,0,0,0,8,11,21.4,-0.1
10-11-2024,06:55:01,0,0,0,8,11,22.3,-0.1
10-11-2024,06:55:31,0,0,0,8,11,22.3,-0.1
10-11-2024,06:56:01,0,0,0,8,11,23.3,-0.1
10-11-2024,06:56:31,0,0,0,8,11,23.3,-0.1
10-11-2024,06:57:01,0,0,0,8,11,24.8,-0.1
10-11-2024,06:57:31,0,0,0,8,11,24.8,-0.1
10-11-2024,06:58:01,0,0,0,8,11.1,26.4,-0.1
10-11-2024,06:58:31,0,0,0,8,11,26.4,-0.1
10-11-2024,06:59:01,0,0,0,8,11,27.5,-0.1
10-11-2024,06:59:31,0,0,0,8,11,27.5,-0.1
10-11-2024,07:00:01,0,0,0,8,11,28.6,-0.1
10-11-2024,07:00:31,0,0,0,8,11,28.6,-0.1
10-11-2024,07:01:01,0,0,0,8,12.9,30,-0.1
10-11-2024,07:01:31,0,0,0,8,12.9,30,-0.1
10-11-2024,07:02:01,2,0.3,0,8,12.9,32.4,0
10-11-2024,07:02:31,2,0.3,0,8,12.9,32.4,0
10-11-2024,07:03:01,2,0.3,0,8,12.9,33.5,0
10-11-2024,07:03:31,2,0.3,0,8,12.9,33.5,0
10-11-2024,07:04:01,-8,-12.7,0,8,12.8,35.1,12.8
10-11-2024,07:04:31,-8,-12.7,0,8,12.8,35.1,12.8
10-11-2024,07:05:01,-10,-13.5,0,8,12.8,36.5,13.5
10-11-2024,07:05:31,-10,-13.5,0,8,12.8,36.5,13.5
10-11-2024,07:06:01,-10,-14.1,0,8,11,37.8,14.1
10-11-2024,07:06:31,-10,-14.1,0,8,11,37.8,14.1
10-11-2024,07:07:01,-12,-14.4,0,8,11.1,38.6,14.6
10-11-2024,07:07:31,-11,-14.4,0,8,11.1,38.6,14.6
10-11-2024,07:08:01,-12,-14.6,0,8,11,39.2,14.7
10-11-2024,07:08:31,-11,-14.6,0,8,11,39.2,14.7
10-11-2024,07:09:01,-11,-15,0,9,11,40.2,15.2
10-11-2024,07:09:31,-11,-15,0,9,11,40.2,15.2
10-11-2024,07:10:01,-12,-15.6,0,9,11,41.1,15.5
10-11-2024,07:10:31,-12,-15.6,0,9,11.1,41.1,15.5
10-11-2024,07:11:01,-12,-16.3,0,9,11,44.5,16.5
10-11-2024,07:11:31,-12,-16.3,0,9,11,44.5,16.5
10-11-2024,07:12:01,-13,-17.3,0,9,11.1,46.6,17.2
10-11-2024,07:12:31,-13,-17.3,0,9,11.1,46.6,17.2
10-11-2024,07:13:01,-14,-18.4,0,9,11,49.2,17.9
10-11-2024,07:13:31,-14,-18.4,0,9,11,49.2,17.9
10-11-2024,07:14:01,-17,-19.7,0,9,11,51.7,19.7
10-11-2024,07:14:31,-17,-19.7,0,9,11,51.7,19.7
10-11-2024,07:15:01,-17,-20.7,0,9,11,56,20.5
10-11-2024,07:15:31,-17,-20.7,0,9,11,56,20.5
10-11-2024,07:16:01,-19,-21.7,0,9,11.6,58.4,22
10-11-2024,07:16:31,-19,-21.7,0,9,11.6,58.4,22
10-11-2024,07:17:01,-19,-22.7,0,10,11.6,60.7,22.7
10-11-2024,07:17:31,-19,-22.7,0,10,11.6,60.7,22.7
10-11-2024,07:18:01,-20,-23.5,0,10,11.6,62,23.2
10-11-2024,07:18:31,-20,-23.5,0,10,11.6,62,23.2
10-11-2024,07:19:01,-21,-24.7,0,10,11.7,64.4,24.7
10-11-2024,07:19:31,-21,-24.7,0,10,11.7,64.4,24.7
10-11-2024,07:20:01,-22,-25.8,0,10,11.7,68.8,25.6
10-11-2024,07:20:31,-22,-25.8,0,10,11.6,68.8,25.6
10-11-2024,07:21:01,-23,-26.8,0,10,13.4,71.3,27
10-11-2024,07:21:31,-23,-26.8,0,10,13.4,71.3,27
10-11-2024,07:22:01,-24,-27.7,0,10,13.5,73.3,27.7
10-11-2024,07:22:31,-24,-27.7,0,10,13.5,73.3,27.7
10-11-2024,07:23:01,-25,-28.6,0,11,13.5,75.5,28.2
10-11-2024,07:23:31,-25,-28.6,0,11,13.5,75.5,28.2
10-11-2024,07:24:01,-26,-29.6,0,11,13.5,77.5,29.7
10-11-2024,07:24:31,-26,-29.6,0,11,13.5,77.5,29.7
10-11-2024,07:25:01,-27,-30.2,0,11,13.8,80.1,30.2
10-11-2024,07:25:31,-27,-30.2,0,11,13.8,80.1,30.2
10-11-2024,07:26:01,-27,-30.6,0,11,12,81.3,31
10-11-2024,07:26:31,-27,-30.6,0,11,12,81.3,31
10-11-2024,07:27:01,-27,-31.2,0,11,11.9,82.3,31.4
10-11-2024,07:27:31,-27,-31.2,0,11,11.9,82.3,31.4
10-11-2024,07:28:01,-28,-31.7,0,12,12,83.4,31.8
10-11-2024,07:28:31,-28,-31.7,0,12,12,83.4,31.8
10-11-2024,07:29:01,-28,-32.1,0,12,11.9,84.2,32.4
10-11-2024,07:29:31,-28,-32.1,0,12,12,84.2,32.4
10-11-2024,07:30:01,-29,-32.5,0,12,11.9,85,32.7
10-11-2024,07:30:31,-29,-32.5,0,12,11.9,85,32.7
10-11-2024,07:31:01,-30,-32.9,0,12,11.9,85.8,33.3
10-11-2024,07:31:31,-30,-32.9,0,12,11.9,85.8,33.3
10-11-2024,07:32:01,-29,-33.2,0,12,11.9,86.4,33.5
10-11-2024,07:32:31,-30,-33.2,0,12,11.9,86.4,33.5
10-11-2024,07:33:01,-29,-33.4,0,13,11.9,87,33.8
10-11-2024,07:33:31,-30,-33.5,0,13,11.9,87,33.8
10-11-2024,07:34:01,-30,-33.1,0,13,11.9,87.4,34
10-11-2024,07:34:31,-30,-33.1,0,13,11.9,87.4,34
10-11-2024,07:35:01,-30,-33.9,0,13,11.9,87.9,34
10-11-2024,07:35:31,-30,-33.9,0,13,11.9,87.9,34
10-11-2024,07:36:01,-31,-34.3,0,13,11.9,88.4,34.6
10-11-2024,07:36:31,-31,-34.3,0,13,11.9,88.4,34.6
10-11-2024,07:37:01,-30,-34.8,0,14,11.9,94.7,34.8
10-11-2024,07:37:31,-31,-34.8,0,14,11.9,94.7,34.8
10-11-2024,07:38:01,-32,-35.7,0,14,11.8,96.5,36
10-11-2024,07:38:31,-32,-35.7,0,14,11.8,96.5,36
10-11-2024,07:39:01,-33,-36.6,0,14,11.8,98.5,36.7
10-11-2024,07:39:31,-33,-36.6,0,14,11.8,98.5,36.7
10-11-2024,07:40:01,-34,-37.9,0,14,11.8,100.9,37.4
10-11-2024,07:40:31,-34,-37.9,0,14,11.8,100.9,37.4
10-11-2024,07:41:01,-35,-39.1,0,15,13.7,103.7,39.3
10-11-2024,07:41:31,-35,-39.1,0,15,13.7,103.7,39.3
10-11-2024,07:42:01,-38,-42,0,15,13.7,109.5,40.3
10-11-2024,07:42:31,-38,-42,0,15,13.7,109.5,40.3
10-11-2024,07:43:01,-39,-44.4,0,15,13.6,113.3,44.5
10-11-2024,07:43:31,-39,-43.1,0,15,13.6,110.8,44.5
10-11-2024,07:44:01,-38,-41.9,0,16,13.7,112,42.3
10-11-2024,07:44:31,-38,-42.8,0,16,13.7,112,42.3
10-11-2024,07:45:01,-48,-53,0,16,13.3,132.3,45.9
10-11-2024,07:45:31,-48,-53,0,16,13.3,132.3,45.9
10-11-2024,07:46:01,-54,-58.6,0,16,11.6,144.7,58.2
10-11-2024,07:46:31,-54,-58.6,0,16,11.5,144.7,58.2
10-11-2024,07:47:01,-57,-60.2,0,17,11.7,149.9,60.2
10-11-2024,07:47:31,-57,-60.2,0,17,11.7,149.9,60.2
10-11-2024,07:48:01,-49,-53.1,0,17,11.8,137.2,53.9
10-11-2024,07:48:31,-49,-53.1,0,17,11.8,140.6,53.9
10-11-2024,07:49:01,-48,-51.4,0,17,11.2,136.5,53.4
10-11-2024,07:49:31,-48,-51.4,0,17,11.2,136.5,53.4
10-11-2024,07:50:01,-44,-48.5,0,18,11.1,129.9,50
10-11-2024,07:50:31,-46,-49.8,0,18,11.1,130.9,50
10-11-2024,07:51:01,-45,-49,0,18,11.1,131.9,49
10-11-2024,07:51:31,-45,-49.8,0,18,11.1,131.9,49
10-11-2024,07:52:01,-48,-52.7,0,19,11,136,51
10-11-2024,07:52:31,-48,-52.7,0,19,11,136,51
10-11-2024,07:53:01,-58,-62.7,0,19,11.1,151.7,62.2
10-11-2024,07:53:31,-58,-63,0,19,11.1,154.3,62.2
10-11-2024,07:54:01,-51,-57.3,0,19,11,143.4,63.5
10-11-2024,07:54:31,-51,-57.3,0,19,11.1,143,63.5
10-11-2024,07:55:01,-53,-55.2,0,20,11,147.4,56.2
10-11-2024,07:55:31,-53,-56.8,0,20,11,147.4,56.9
10-11-2024,07:56:01,-63,-68.7,0,20,11,168.3,63.6
10-11-2024,07:56:31,-63,-68.7,0,20,11,168.3,63.6
10-11-2024,07:57:01,-68,-72.8,0,21,11.1,174.6,71.4
10-11-2024,07:57:31,-68,-72.8,0,21,11.1,174.6,71.4
10-11-2024,07:58:01,-72,-77.1,0,21,11.1,188,77.6
10-11-2024,07:58:31,-72,-77.1,0,21,11.1,188,77.6
10-11-2024,07:59:01,-73,-78.2,0,22,11.5,189.7,78.3
10-11-2024,07:59:31,-72,-78.2,0,22,11.5,189.7,78.3
10-11-2024,08:00:01,-75,-79.6,0,22,11.2,192.4,80.1
10-11-2024,08:00:31,-75,-80.3,0,22,11.2,193.6,80.1
10-11-2024,08:01:01,-74,-79.4,0,23,13.2,191.6,81
10-11-2024,08:01:31,-74,-79.4,0,23,13.2,191.6,81
10-11-2024,08:02:01,-74,-79,0,23,13,190.3,79.6
10-11-2024,08:02:31,-74,-79.1,0,23,13,191.4,79.8
10-11-2024,08:03:01,-59,-64.1,0,24,13,155,70.9
10-11-2024,08:03:31,-59,-64.1,0,24,13,155,70.9
10-11-2024,08:04:01,-53,-58.1,0,24,12.8,146.3,59.8
10-11-2024,08:04:31,-52,-58.1,0,24,12.8,146,59.8
10-11-2024,08:05:01,-54,-56.9,0,25,13.2,147.5,57.5
10-11-2024,08:05:31,-54,-57.2,0,25,13.2,147.5,57.5
10-11-2024,08:06:01,-54,-58.1,0,25,11.6,148.9,58.4
10-11-2024,08:06:31,-54,-58.1,0,25,11.6,148.9,58.4
10-11-2024,08:07:01,-54,-58.1,0,26,11.4,149.2,58.6
10-11-2024,08:07:31,-54,-58.1,0,26,11.4,149.1,58.6
10-11-2024,08:08:01,-54,-58.2,0,26,11.9,149.3,58.6
10-11-2024,08:08:31,-54,-58.2,0,26,11.9,149.3,58.6
10-11-2024,08:09:01,-55,-60.3,0,26,11.7,152.2,58.9
10-11-2024,08:09:31,-55,-60.3,0,26,11.7,152.2,58.9
10-11-2024,08:10:01,-68,-73.2,0,27,11.7,180,69.6
10-11-2024,08:10:31,-68,-73.2,0,27,11.7,180,69.6
10-11-2024,08:11:01,-86,-91.3,0,27,11.5,217.4,82.8
10-11-2024,08:11:31,-86,-91.3,0,27,11.5,217.4,82.8
10-11-2024,08:12:01,-99,-104.6,0,28,11.4,242.7,105.1
10-11-2024,08:12:31,-99,-104.6,0,28,11.4,242.7,105.1
10-11-2024,08:13:01,-103,-109.2,0,29,11,253.2,109
10-11-2024,08:13:31,-103,-109.2,0,29,11,253.2,109
10-11-2024,08:14:01,-106,-111.4,0,30,11,258.6,111
10-11-2024,08:14:31,-106,-111.4,0,30,11,258.6,111
10-11-2024,08:15:01,-109,-115.7,0,31,11,268.2,115.6
10-11-2024,08:15:31,-109,-115.7,0,31,11,268.2,115.6
10-11-2024,08:16:01,-112,-118.9,0,31,11,278.8,118.7
10-11-2024,08:16:31,-114,-120,0,31,11,278.8,120.4
10-11-2024,08:17:01,-111,-116.6,0,32,11.4,283.4,118
10-11-2024,08:17:31,-111,-116.6,0,32,11.4,283.4,118
10-11-2024,08:18:01,-112,-118.4,0,33,11.5,287.5,118.9
10-11-2024,08:18:31,-112,-118.3,0,33,11.5,287.5,118.9
10-11-2024,08:19:01,-112,-118.7,0,34,11.2,292.5,119
10-11-2024,08:19:31,-112,-118.7,0,34,11.3,292.5,117.5
10-11-2024,08:20:01,-113,-120.1,0,35,11.1,300.3,120.9
10-11-2024,08:20:31,-113,-120.9,0,35,11.1,300.3,120.9
10-11-2024,08:21:01,-114,-119,0,36,12.9,307.1,121.4
10-11-2024,08:21:31,-113,-117.6,0,36,13,307.1,121.4
10-11-2024,08:22:01,-111,-119.1,0,37,12.9,314.9,119.2
10-11-2024,08:22:31,-112,-119.1,0,37,12.9,314.9,120.1
10-11-2024,08:23:01,-113,-118.7,0,37,12.9,320.3,118.8
10-11-2024,08:23:31,-113,-118.8,0,37,12.9,320.3,118.8
10-11-2024,08:24:01,-112,-118.5,0,38,12.8,323.9,118.7
10-11-2024,08:24:31,-112,-118.5,0,38,12.8,323.9,118.7
10-11-2024,08:25:01,-112,-118,0,39,12.9,323,119.7
10-11-2024,08:25:31,-112,-118.1,0,39,12.9,323,119.7
10-11-2024,08:26:01,-103,-107.9,10.7,40,0,326.5,118.6
10-11-2024,08:26:31,-103,-107.9,10.7,40,0,326.5,118.6
10-11-2024,08:27:01,-112,-117.3,9.4,41,0,333.4,127.2
10-11-2024,08:27:31,-111,-117.1,9.6,41,0,333.4,127.2
10-11-2024,08:28:01,-113,-118.7,7.6,42,0,335.7,128.7
10-11-2024,08:28:31,-113,-118.7,7.6,42,0,335.7,128.7
10-11-2024,08:29:01,-109,-116.1,7.6,42,0,339,125.5
10-11-2024,08:29:31,-113,-116.5,7.6,42,0,339,126.2
10-11-2024,08:30:01,-110,-117.4,7.4,43,0,347.4,125.3
10-11-2024,08:30:31,-110,-115.9,7.4,43,0,347.4,125.3
10-11-2024,08:31:01,-110,-116.8,7.2,44,0,351.5,124.4
10-11-2024,08:31:31,-112,-116.8,7.2,44,0,351.5,124.4
10-11-2024,08:32:01,-108,-116.7,7.2,45,0,351.6,125.3
10-11-2024,08:32:31,-108,-116.7,7.2,45,0,351.5,125.3
10-11-2024,08:33:01,-114,-117.8,7.1,46,0,352.5,126.2
10-11-2024,08:33:31,-112,-117.5,7.1,46,0,351.9,126.2
10-11-2024,08:34:01,-108,-116.4,7.1,47,0,347.9,125.7
10-11-2024,08:34:31,-108,-116.4,7.1,47,0,347.9,126
10-11-2024,08:35:01,-111,-115.7,7.1,47,0,341.1,125.7
10-11-2024,08:35:31,-109,-115.7,7.1,47,0,341.7,125.7
10-11-2024,08:36:01,-111,-116.5,7.6,48,0,339.2,124.9
10-11-2024,08:36:31,-110,-116.5,7.6,48,0,339.2,124.9
10-11-2024,08:37:01,-114,-117.3,7.5,49,0,337.1,124.6
10-11-2024,08:37:31,-113,-117.3,7.5,49,0,338.8,124.6
10-11-2024,08:38:01,-109,-117.4,7.6,50,0,340,124.9
10-11-2024,08:38:31,-112,-117.3,7.5,50,0,340,125.7
10-11-2024,08:39:01,-108,-114.7,7.6,51,0,350.3,124.8
10-11-2024,08:39:31,-108,-114.7,7.6,51,0,350.3,124.8
10-11-2024,08:40:01,-112,-118.2,10,51,0,359.8,128.7
10-11-2024,08:40:31,-112,-118.2,10,51,0,359.8,128.4
10-11-2024,08:41:01,-109,-117.1,9.7,52,0,368.9,128.9
10-11-2024,08:41:31,-109,-117.1,9.7,52,0,368.9,128.9
10-11-2024,08:42:01,-112,-118.3,9.7,53,0,370.9,129.4
10-11-2024,08:42:31,-110,-118.2,9.7,53,0,370,129.4
10-11-2024,08:43:01,-110,-117,9.8,54,0,370.5,128.2
10-11-2024,08:43:31,-110,-117,9.8,54,0,370.5,128.2
10-11-2024,08:44:01,-111,-119.5,9.7,55,0,373.5,128.2
10-11-2024,08:44:31,-111,-119.5,9.7,55,0,373.5,128.2
10-11-2024,08:45:01,-109,-115.9,7.8,55,0,375.1,125.9
10-11-2024,08:45:31,-109,-115.9,7.8,55,0,374.2,125.9
10-11-2024,08:46:01,-111,-116.5,7.8,56,0,372.8,125.1
10-11-2024,08:46:31,-109,-116.5,7.8,56,0,372.8,125.1
10-11-2024,08:47:01,-112,-115.9,7.8,57,0,377.4,125.1
10-11-2024,08:47:31,-110,-116.4,7.8,57,0,377.4,125.1
10-11-2024,08:48:01,-109,-115.6,7.8,58,0,387.7,125.3
10-11-2024,08:48:31,-110,-115.6,7.8,58,0,387.7,125.3
10-11-2024,08:49:01,-110,-116.8,7.8,59,0,392.8,124.9
10-11-2024,08:49:31,-110,-116.5,7.8,59,0,392.8,124.9
10-11-2024,08:50:01,-111,-117.2,7.5,59,0,398,125
10-11-2024,08:50:31,-111,-116.9,7.5,59,0,398,125
10-11-2024,08:51:01,-112,-117.9,7.6,60,0,399,126.4
10-11-2024,08:51:31,-112,-117.6,7.6,60,0,399,125.2
10-11-2024,08:52:01,-109,-116.3,7.5,61,0,406.3,125
10-11-2024,08:52:31,-110,-117.3,7.5,61,0,406.3,125
10-11-2024,08:53:01,-111,-116.8,7.5,62,0,412,125.3
10-11-2024,08:53:31,-110,-116.8,7.5,62,0,412,125.3
10-11-2024,08:54:01,-111,-118.1,7.5,63,0,417.4,124.9
10-11-2024,08:54:31,-111,-117.4,7.6,63,0,417.4,124.9
10-11-2024,08:55:01,-109,-116.2,7.5,63,0,422,124.9
10-11-2024,08:55:31,-109,-116.2,7.5,63,0,422,124.9
10-11-2024,08:56:01,-108,-115.3,7.6,64,0,422.8,124
10-11-2024,08:56:31,-108,-115.3,7.6,64,0,422.5,124
10-11-2024,08:57:01,-111,-117,7.5,65,0,423.1,124.7
10-11-2024,08:57:31,-112,-116.9,7.5,65,0,423,124.7
10-11-2024,08:58:01,-108,-115.5,7.5,66,0,424.1,125.5
10-11-2024,08:58:31,-108,-115.5,7.5,66,0,424.1,125.5
10-11-2024,08:59:01,-110,-118,9.6,67,0,427.3,127.9
10-11-2024,08:59:31,-110,-117.4,9.5,67,0,427.3,127.9
10-11-2024,09:00:01,-111,-118,10,67,0,429,128.2
10-11-2024,09:00:31,-111,-118,10,67,0,429,128.2
10-11-2024,09:01:01,-111,-117,10,68,0,431,127.7
10-11-2024,09:01:31,-111,-116.5,10,68,0,431,127.7
10-11-2024,09:02:01,-113,-118.1,9.7,69,0,440.1,127.4
10-11-2024,09:02:31,-113,-118.1,9.7,69,0,440.1,127.4
10-11-2024,09:03:01,-113,-119.1,9.7,70,0,440.8,128.4
10-11-2024,09:03:31,-113,-119.1,9.7,70,0,440.8,128.4
10-11-2024,09:04:01,-109,-115.8,7.8,71,0,444.6,125.5
10-11-2024,09:04:31,-111,-116.6,7.8,71,0,444.6,125.5
10-11-2024,09:05:01,-93,-99.4,7.7,71,0,449.1,107.6
10-11-2024,09:05:31,-94,-99.4,7.7,71,0,449.1,107.6
10-11-2024,09:06:01,-92,-99.5,7.8,72,0,453.8,108.3
10-11-2024,09:06:31,-94,-99.2,7.8,72,0,453.8,108
10-11-2024,09:07:01,-93,-100.2,7.6,72,0,459.1,108.2
10-11-2024,09:07:31,-93,-100.2,7.6,72,0,459.1,108.7
10-11-2024,09:08:01,-96,-97.6,7.2,73,0,461.4,105.6
10-11-2024,09:08:31,-94,-97.6,7.2,73,0,461.2,105.6
10-11-2024,09:09:01,-93,-97.7,7.1,74,0,464.6,105.6
10-11-2024,09:09:31,-93,-97.5,7.1,74,0,464.6,105.6
10-11-2024,09:10:01,-91,-97.8,7,74,0,468.5,105.4
10-11-2024,09:10:31,-91,-97.8,7,74,0,468.5,105.4
10-11-2024,09:11:01,-92,-97.6,7,75,0,469.5,105.5
10-11-2024,09:11:31,-91,-97.7,7,75,0,468.9,105.5
10-11-2024,09:12:01,-70,-74.2,7.1,76,0,471.4,105.5
10-11-2024,09:12:31,-70,-74.2,7,76,0,471.4,105.5
10-11-2024,09:13:01,-67,-73.5,7.6,76,0,470.5,81.6
10-11-2024,09:13:31,-67,-74,7.6,76,0,470.5,81.6
10-11-2024,09:14:01,-67,-73.5,7.4,77,0,475.1,81.7
10-11-2024,09:14:31,-67,-73.5,7.4,77,0,475.1,81.8
10-11-2024,09:15:01,-70,-73.9,7.4,77,0,480.1,81.6
10-11-2024,09:15:31,-70,-73.8,7.4,77,0,480.1,81.6
10-11-2024,09:16:01,-67,-74.1,7.2,78,0,484.1,81.7
10-11-2024,09:16:31,-67,-74.1,7.1,78,0,484.1,81.7
10-11-2024,09:17:01,-64,-68.1,9.2,78,0,486.2,81.7
10-11-2024,09:17:31,-64,-68.1,9.2,78,0,486.2,78.6
10-11-2024,09:18:01,-69,-74.4,9.1,79,0,491.7,83.6
10-11-2024,09:18:31,-69,-74.4,9.1,79,0,491.7,83.6
10-11-2024,09:19:01,-68,-74.7,9.1,79,0,495.5,84.1
10-11-2024,09:19:31,-68,-74.7,9.1,79,0,495.5,84.2
10-11-2024,09:20:01,-70,-73.8,9.1,80,0,496.1,83.4
10-11-2024,09:20:31,-69,-73.8,9.1,80,0,496,83.4
10-11-2024,09:21:01,-70,-75,9.5,80,0,498.3,84.8
10-11-2024,09:21:31,-71,-76.4,9.5,80,0,498.3,84.8
10-11-2024,09:22:01,-63,-66.8,7.4,80,0,500.7,84.6
10-11-2024,09:22:31,-63,-66.8,7.4,80,0,500.7,84.6
10-11-2024,09:23:01,-44,-48.5,7.4,81,0,502.5,56.4
10-11-2024,09:23:31,-44,-48.5,7.4,81,0,504.4,56.4
10-11-2024,09:24:01,-43,-49.2,7.1,81,0,501.9,56.5
10-11-2024,09:24:31,-42,-49.2,7.1,81,0,501.9,56.6
10-11-2024,09:25:01,-44,-48.6,7.3,81,0,500.1,56.5
10-11-2024,09:25:31,-44,-49.1,7.3,81,0,500.2,56.5
10-11-2024,09:26:01,-48,-51.9,7.1,82,0,502.5,57.6
10-11-2024,09:26:31,-47,-50,7.1,82,0,502.5,57.6
10-11-2024,09:27:01,-44,-49.4,7.7,82,0,503.7,57.4
10-11-2024,09:27:31,-45,-49.4,7.7,82,0,503.2,57.4
10-11-2024,09:28:01,-46,-49.6,7.6,82,0,509.4,57.4
10-11-2024,09:28:31,-45,-49.6,7.6,82,0,509.4,57.4
10-11-2024,09:29:01,-46,-49.4,7.6,83,0,518.1,57.4
10-11-2024,09:29:31,-46,-49.3,7.6,83,0,518.1,57.4
10-11-2024,09:30:01,-45,-49.6,7.6,83,0,521.6,57.6
10-11-2024,09:30:31,-46,-49.6,7.5,83,0,521.6,57.6
10-11-2024,09:31:01,-43,-49.1,7.7,83,0,522.7,57.5
10-11-2024,09:31:31,-43,-49.1,7.7,83,0,522.7,57.5
10-11-2024,09:32:01,-45,-48.9,8.1,84,0,527.9,57.4
10-11-2024,09:32:31,-45,-49,8.1,84,0,527.9,57.4
10-11-2024,09:33:01,-45,-49.2,7.9,84,0,519.5,57.5
10-11-2024,09:33:31,-43,-49.2,7.9,84,0,519.5,57.5
10-11-2024,09:34:01,-46,-49.2,7.9,84,0,525.9,57.4
10-11-2024,09:34:31,-46,-49.2,7.9,84,0,525.9,57.4
10-11-2024,09:35:01,-42,-47.1,7.9,85,0,538.5,57.6
10-11-2024,09:35:31,-42,-47.1,7.9,85,0,538.5,57.6
10-11-2024,09:36:01,-45,-50.1,9.9,85,0,535.9,60.4
10-11-2024,09:36:31,-44,-50.1,9.9,85,0,535.9,60.4
10-11-2024,09:37:01,-46,-50.4,9.9,85,0,541.1,60.4
10-11-2024,09:37:31,-44,-50.1,9.9,85,0,541.1,60.4
10-11-2024,09:38:01,-46,-50.7,9.6,85,0,543.2,60.4
10-11-2024,09:38:31,-46,-50.7,9.6,85,0,541.2,60.4
10-11-2024,09:39:01,-19,-23.4,9.5,86,0,540.3,33.2
10-11-2024,09:39:31,-19,-23.5,9.5,86,0,540,33.2
10-11-2024,09:40:01,-23,-25.3,9.5,86,0,541.5,33.4
10-11-2024,09:40:31,-23,-25.3,9.5,86,0,541.5,33.4
10-11-2024,09:41:01,-22,-25.4,7.5,86,0,550.2,33.3
10-11-2024,09:41:31,-22,-25.4,7.6,86,0,550.2,33.3
10-11-2024,09:42:01,-20,-25.2,7.6,86,0,559.2,33.2
10-11-2024,09:42:31,-22,-25.4,7.6,86,0,559.2,33.2
10-11-2024,09:43:01,-20,-25.2,7.6,86,0,562.2,33.2
10-11-2024,09:43:31,-23,-25.4,7.6,86,0,562.2,33.2
10-11-2024,09:44:01,-19,-25.2,7.6,86,0,566.3,33.2
10-11-2024,09:44:31,-19,-25.1,7.6,86,0,566.3,33.2
10-11-2024,09:45:01,-21,-25.4,7.6,87,0,575.1,33.4
10-11-2024,09:45:31,-21,-25.4,7.6,87,0,575.1,33.4
10-11-2024,09:46:01,-22,-25.2,7.6,87,0,580.9,33.2
10-11-2024,09:46:31,-22,-25.2,7.6,87,0,580.9,33.2
10-11-2024,09:47:01,-20,-25.2,7.8,87,0,581,33.4
10-11-2024,09:47:31,-20,-25.2,7.8,87,0,580.9,33.2
10-11-2024,09:48:01,-19,-25.4,7.6,87,0,575.5,33.3
10-11-2024,09:48:31,-20,-25.4,7.7,87,0,573.3,33.3
10-11-2024,09:49:01,-21,-25.2,7.6,87,0,576.5,33.4
10-11-2024,09:49:31,-20,-25.2,7.6,87,0,576.1,33.4
10-11-2024,09:50:01,-21,-25,7.7,87,0,578.4,33.3
10-11-2024,09:50:31,-21,-25.1,7.7,87,0,578.4,33.3
10-11-2024,09:51:01,-20,-25.5,7.6,87,0,584.4,33.3
10-11-2024,09:51:31,-20,-25.5,7.6,87,0,584.4,33.3
10-11-2024,09:52:01,-19,-24.6,8.1,88,0,590.5,33.6
10-11-2024,09:52:31,-20,-24.5,8.2,88,0,590.5,33.4
10-11-2024,09:53:01,-21,-25,8,88,0,598.2,33.2
10-11-2024,09:53:31,-21,-25,8,88,0,598.2,33.2
10-11-2024,09:54:01,-19,-23.3,9.7,88,0,589.9,33.5
10-11-2024,09:54:31,-19,-23.3,9.7,88,0,589.9,33.5
10-11-2024,09:55:01,-19,-23.4,9.6,88,0,604.1,33.3
10-11-2024,09:55:31,-19,-23.3,9.6,88,0,603.8,33.3
10-11-2024,09:56:01,-18,-23.6,9.5,88,0,605.6,33.2
10-11-2024,09:56:31,-18,-23.3,9.5,88,0,605.6,33.2
10-11-2024,09:57:01,-19,-23.5,9.5,88,0,605.1,33.2
10-11-2024,09:57:31,-17,-23.5,9.5,88,0,605.1,33.2
10-11-2024,09:58:01,-20,-23.4,9.5,88,0,596.6,33.2
10-11-2024,09:58:31,-20,-23.4,9.5,88,0,596.6,33.2
10-11-2024,09:59:01,-21,-25.3,7.5,88,0,603.1,33.3
10-11-2024,09:59:31,-20,-25.3,7.5,88,0,603.1,33.3
10-11-2024,10:00:01,-23,-25.5,7.5,89,0,608.6,33.2
10-11-2024,10:00:31,-23,-25.4,7.6,89,0,608.6,33.2
10-11-2024,10:01:01,-20,-22.3,7.4,89,0,598.4,33.2
10-11-2024,10:01:31,-20,-22.3,7.4,89,0,605.6,33.2
10-11-2024,10:02:01,-17,-22.6,7.5,89,0,617.1,30.2
10-11-2024,10:02:31,-17,-22.6,7.5,89,0,617.1,30.2
10-11-2024,10:03:01,-20,-22.7,7.2,89,0,624.5,30.4
10-11-2024,10:03:31,-20,-22.7,7.2,89,0,625.1,30.1
10-11-2024,10:04:01,-16,-22.6,7.2,89,0,620.9,30.5
10-11-2024,10:04:31,-19,-22.7,7.2,89,0,620.9,30.5
10-11-2024,10:05:01,-18,-22.4,7.2,89,0,620.7,30.2
10-11-2024,10:05:31,-18,-22.6,7.2,89,0,620.7,30.2
10-11-2024,10:06:01,-16,-22.8,7.2,89,0,609.1,30.2
10-11-2024,10:06:31,-17,-22.8,7.2,89,0,617,30.3
10-11-2024,10:07:01,-18,-22.7,7.2,89,0,624.9,30.2
10-11-2024,10:07:31,-16,-20.1,7.1,89,0,624.9,30.2
10-11-2024,10:08:01,-20,-24.7,10,90,0,630.5,30.3
10-11-2024,10:08:31,-20,-24.7,10,90,0,630.5,30.3
10-11-2024,10:09:01,-19,-22.9,10,90,0,634.9,33.4
10-11-2024,10:09:31,-19,-23.2,10,90,0,634.9,33.4
10-11-2024,10:10:01,-20,-23.1,9.7,90,0,634.8,33.2
10-11-2024,10:10:31,-20,-21.3,9.7,90,0,634.8,33.2
10-11-2024,10:11:01,-18,-23.8,11.7,90,0,636.2,36.3
10-11-2024,10:11:31,-19,-23.8,11.7,90,0,636.2,36.3
10-11-2024,10:12:01,-23,-26.7,14.3,90,0,638.3,39.3
10-11-2024,10:12:31,-19,-24.9,14.3,90,0,636.6,39.3
10-11-2024,10:13:01,-22,-25.4,14.1,90,0,641,39.5
10-11-2024,10:13:31,-22,-25.4,14.1,90,0,638.6,39.5
10-11-2024,10:14:01,-20,-25.3,13.9,90,0,641.2,39.4
10-11-2024,10:14:31,-20,-25.4,13.9,90,0,641.2,39.4
10-11-2024,10:15:01,-6,-10.2,13.7,91,0,643.5,39.5
10-11-2024,10:15:31,-6,-10.2,13.8,91,0,643.5,39.5
10-11-2024,10:16:01,-8,-10.1,13.7,91,0,649.8,24.1
10-11-2024,10:16:31,-8,-10.1,13.7,91,0,649.8,24.5
10-11-2024,10:17:01,-4,-9,11.8,91,0,645,21.1
10-11-2024,10:17:31,-4,-9.1,11.8,91,0,645,21.1
10-11-2024,10:18:01,-6,-9.2,11.7,91,0,649.7,21.4
10-11-2024,10:18:31,-6,-9.2,11.7,91,0,649.7,21.4
10-11-2024,10:19:01,-3,-8.9,11.8,91,0,651.2,21.1
10-11-2024,10:19:31,-3,-8.9,11.8,91,0,650.9,21.1
10-11-2024,10:20:01,-8,-9.3,11.8,91,0,653.3,21.1
10-11-2024,10:20:31,-8,-9.5,11.8,91,0,652.7,21.1
10-11-2024,10:21:01,-5,-9,11.8,91,0,656.2,21.4
10-11-2024,10:21:31,-7,-9,11.8,91,0,655.4,21.1
10-11-2024,10:22:01,-4,-8.5,12.1,91,0,656.4,21.2
10-11-2024,10:22:31,-5,-8.6,12.3,91,0,656.4,21.2
10-11-2024,10:23:01,-6,-9.1,12,91,0,658.3,21.2
10-11-2024,10:23:31,-6,-9.1,12,91,0,657.8,21.2
10-11-2024,10:24:01,-4,-9.1,11.7,91,0,668.8,21.1
10-11-2024,10:24:31,-4,-9.1,11.7,91,0,668.8,21.1
10-11-2024,10:25:01,-6,-9.5,11.7,91,0,675,21.1
10-11-2024,10:25:31,-6,-9.2,11.7,91,0,675,21.1
10-11-2024,10:26:01,-6,-9.1,11.7,91,0,682.8,21.1
10-11-2024,10:26:31,-6,-9.4,11.7,91,0,682.8,21.1
10-11-2024,10:27:01,-5,-9,11.7,91,0,687,21.1
10-11-2024,10:27:31,-6,-9,11.7,91,0,687,21.1
10-11-2024,10:28:01,-4,-9.4,11.7,91,0,685.8,21.2
10-11-2024,10:28:31,-6,-9.4,11.7,91,0,685.8,21.4
10-11-2024,10:29:01,-2,-7.2,11.7,91,0,683.6,21.1
10-11-2024,10:29:31,-2,-7.2,11.7,91,0,683.6,21.1
10-11-2024,10:30:01,-8,-10.5,13.8,91,0,688.5,24.2
10-11-2024,10:30:31,-6,-10.5,13.8,91,0,688.5,24.1
10-11-2024,10:31:01,-7,-10,13.9,91,0,691.6,24.3
10-11-2024,10:31:31,-7,-10.2,13.8,91,0,692.5,24.3
10-11-2024,10:32:01,0,-4.6,19.4,91,0,690.5,24.1
10-11-2024,10:32:31,0,-4.6,19.4,91,0,690.5,24.1
10-11-2024,10:33:01,-4,-7.8,23.3,91,0,692.3,33.4
10-11-2024,10:33:31,-4,-7.8,23.3,91,0,692.3,33.4
10-11-2024,10:34:01,-9,-13.9,28.6,91,0,689.9,39.3
10-11-2024,10:34:31,-7,-11.5,28.6,91,0,690.5,39.3
10-11-2024,10:35:01,-4,-8.1,27.4,91,0,692.3,36.3
10-11-2024,10:35:31,-4,-8.1,27.4,91,0,690.8,36.3
10-11-2024,10:36:01,-3,-8,28.2,91,0,691.9,36.4
10-11-2024,10:36:31,-3,-8.1,28.2,91,0,691.9,36.4
10-11-2024,10:37:01,-5,-8,28,91,0,694.8,36.3
10-11-2024,10:37:31,-5,-8.3,28,91,0,694.4,36.3
10-11-2024,10:38:01,-4,-7.8,28,91,0,695,36.6
10-11-2024,10:38:31,-4,-10.8,28,91,0,694.8,36.3
10-11-2024,10:39:01,-8,-7.6,54.6,91,0,698.5,63.6
10-11-2024,10:39:31,24,22.1,54.6,91,0,698.5,63.6
10-11-2024,10:40:01,-6,-9.8,84.1,91,0,701.3,66.4
10-11-2024,10:40:31,-6,-9.8,84.1,91,0,702.1,66.4
10-11-2024,10:41:01,-8,-10,84.3,91,0,700.1,94.3
10-11-2024,10:41:31,-7,-9.9,84.3,91,0,700.7,94.3
10-11-2024,10:42:01,-4,-9.5,84.6,91,0,699.3,94.1
10-11-2024,10:42:31,-4,-9.5,84.6,91,0,699.3,94.2
10-11-2024,10:43:01,-9,-10.7,83.8,91,0,701.3,91.2
10-11-2024,10:43:31,-9,-10.7,83.8,91,0,701.3,91.2
10-11-2024,10:44:01,-4,-9.9,83.7,91,0,704.8,93.5
10-11-2024,10:44:31,-7,-10,83.7,91,0,704.8,93.5
10-11-2024,10:45:01,-6,-9.9,83.5,91,0,694.6,93.5
10-11-2024,10:45:31,-6,-10,83.5,91,0,694.6,93.5
10-11-2024,10:46:01,-4,-9.5,83.5,91,0,703.1,93.5
10-11-2024,10:46:31,-4,-9.5,83.5,91,0,703.1,93.5
10-11-2024,10:47:01,-5,-7.5,95.1,91,0,708,93.5
10-11-2024,10:47:31,-5,-9.4,95.1,91,0,708,93.5
10-11-2024,10:48:01,19,12.2,118.8,91,0,707,129
10-11-2024,10:48:31,2,-2.8,118.8,91,0,707,129
10-11-2024,10:49:01,-4,-11.3,139.9,91,0,710.8,149.7
10-11-2024,10:49:31,0,-11.3,139.2,91,0,710.8,149.7
10-11-2024,10:50:01,-5,-6.2,141.5,91,0,717.5,146.9
10-11-2024,10:50:31,-5,-9.2,141.5,91,0,717.5,149.6
10-11-2024,10:51:01,10,2.7,142,91,0,722.5,136.9
10-11-2024,10:51:31,-4,-3.3,142.2,91,0,722.5,136.9
10-11-2024,10:52:01,-3,-12.4,140.1,91,0,727.3,152.2
10-11-2024,10:52:31,-3,-9.3,140.1,91,0,727.3,152.2
10-11-2024,10:53:01,-4,-10.3,140.2,91,0,726.1,149.6
10-11-2024,10:53:31,-4,-10.3,140.2,91,0,726.1,149.6
10-11-2024,10:54:01,-7,-13.9,139.9,91,0,731.9,149.9
10-11-2024,10:54:31,-7,-13.9,139.9,91,0,731.9,149.9
10-11-2024,10:55:01,-1,-11,140.1,91,0,719.4,149.8
10-11-2024,10:55:31,-1,-11,140.1,91,0,719.4,149.8
10-11-2024,10:56:01,-2,-9.7,140.6,92,0,721.9,150.1
10-11-2024,10:56:31,-2,-9.7,140.6,92,0,721.9,150.1
10-11-2024,10:57:01,-8,-10.2,141.5,92,0,723.5,150.3
10-11-2024,10:57:31,-2,-9.9,141,92,0,723.5,149.9
10-11-2024,10:58:01,-5,-9.1,142,92,0,730.6,150.3
10-11-2024,10:58:31,-5,-9.1,142,92,0,730.6,150.3
10-11-2024,10:59:01,0,-9.3,142.5,92,0,732.2,150.6
10-11-2024,10:59:31,-2,-5.2,142.5,92,0,731.1,150
10-11-2024,11:00:01,-146,-154.4,148,95,0,726.6,155.4
10-11-2024,11:00:31,-146,-154.4,148,95,0,724.9,155.4
10-11-2024,11:01:01,-4,-8.7,148,94,0,726.7,0
10-11-2024,11:01:31,-4,-8.7,148,94,0,726.7,0
10-11-2024,11:02:01,-4,-8.6,0,94,137.6,734.5,8.9
10-11-2024,11:02:31,-4,-8.6,0,94,137.6,734.5,8.9
10-11-2024,11:03:01,-4,-8.9,0,94,142,733.3,9
10-11-2024,11:03:31,-4,-8.6,0,94,142,732.4,9
10-11-2024,11:04:01,-5,-9,0,94,141.4,733.9,9.1
10-11-2024,11:04:31,-4,-8.7,0,94,141.4,733.9,8.9
10-11-2024,11:05:01,-4,-8.8,0,94,143.4,731.7,9.2
10-11-2024,11:05:31,-4,-8.8,0,94,143.4,733.7,9.2
10-11-2024,11:06:01,-4,-8.6,0,94,144.2,730.6,9.1
10-11-2024,11:06:31,-4,-8.6,0,94,144.2,730.6,9.1
10-11-2024,11:07:01,-4,-8.7,0,94,144.5,734,9
10-11-2024,11:07:31,-4,-8.6,0,94,144.3,733.9,8.9
10-11-2024,11:08:01,-5,-8.9,0,94,142.3,732.8,9.1
10-11-2024,11:08:31,-4,-8.9,0,94,142.3,736.2,9.1
10-11-2024,11:09:01,-4,-8.7,0,94,113.1,724.1,9
10-11-2024,11:09:31,-4,-8.7,0,94,113.1,724.1,9
10-11-2024,11:10:01,-4,-8.7,0,94,113.1,696.6,8.9
10-11-2024,11:10:31,-4,-8.7,0,94,113.1,706.3,8.9
10-11-2024,11:11:01,-4,3.5,0,94,113.1,721.6,9
10-11-2024,11:11:31,-4,3.5,0,94,113.1,721.6,9
10-11-2024,11:12:01,-4,-8.8,0,94,113.1,731.1,8.9
10-11-2024,11:12:31,-4,-8.8,0,94,113.1,731.1,8.9
10-11-2024,11:13:01,-4,-8.7,0,94,113.1,741,9.2
10-11-2024,11:13:31,-4,-8.7,0,94,113.1,742.3,9
10-11-2024,11:14:01,-4,-8.6,0,94,113.1,734,9.3
10-11-2024,11:14:31,-4,-8.6,0,94,113.1,733.9,9.3
10-11-2024,11:15:01,-4,-8.7,0,94,113.1,742.8,8.9
10-11-2024,11:15:31,-4,-8.7,0,94,113.1,742.8,8.9
10-11-2024,11:16:01,-6,-10.6,0,94,50.3,760,10.3
10-11-2024,11:16:31,-7,-10.6,0,94,50.3,760,11
10-11-2024,11:17:01,-4,-9.1,0,94,91.3,755.2,9.4
10-11-2024,11:17:31,-4,-9.1,0,94,91.3,755.2,9.4
10-11-2024,11:18:01,81,75,0,94,0,744.8,10.1
10-11-2024,11:18:31,81,75,0,94,0,744.8,10.1
10-11-2024,11:19:01,-1,-11.2,91.6,94,0,734.5,96.6
10-11-2024,11:19:31,0,-11.2,91.6,94,0,737,96.6
10-11-2024,11:20:01,-3,-10.5,92.7,94,0,746.8,102.7
10-11-2024,11:20:31,-3,-10.4,92.5,94,0,739.4,102.7
10-11-2024,11:21:01,-5,-14,94.6,94,0,724.5,102.9
10-11-2024,11:21:31,-9,-14,94.6,94,0,724.5,105.6
10-11-2024,11:22:01,24,21.6,94.3,94,0,733,102.7
10-11-2024,11:22:31,24,21.6,94.3,94,0,733,102.7
10-11-2024,11:23:01,-9,-11.8,127.6,94,0,741.7,137.9
10-11-2024,11:23:31,-9,-11.7,127.6,94,0,741.7,137.9
10-11-2024,11:24:01,2,-8.5,127,94,0,737.2,135.3
10-11-2024,11:24:31,-8,-8.5,127.1,94,0,738.3,135.3
10-11-2024,11:25:01,-127,-134.2,127.1,95,0,744.2,135
10-11-2024,11:25:31,-127,-134.6,127.1,95,0,744.2,135.3
10-11-2024,11:26:01,-119,-125.9,127.1,96,0,756.8,126.9
10-11-2024,11:26:31,-119,-125.9,127.1,96,0,756.8,126.9
10-11-2024,11:27:01,0,0,127.1,96,82.2,754.9,126.9
10-11-2024,11:27:31,0,0,127.1,96,82.2,756.7,126.9
10-11-2024,11:28:01,0,0,0,96,94.6,757.9,126.9
10-11-2024,11:28:31,0,0,0,96,93.9,757.6,126.9
10-11-2024,11:29:01,100,92.6,80.9,96,0,735.3,126.9
10-11-2024,11:29:31,100,92.6,80.9,96,0,735.3,126.9
10-11-2024,11:30:01,97,92.9,93.3,95,0,740.9,-0.1
10-11-2024,11:30:31,97,92.9,93.3,95,0,740.9,-0.1
10-11-2024,11:31:01,-4,-9.5,94.1,94,0,731.3,102.8
10-11-2024,11:31:31,-1,-8.7,93.9,94,0,725.8,102.4
10-11-2024,11:32:01,-5,-10.4,94.6,94,0,731.6,105.3
10-11-2024,11:32:31,-5,-10.4,94.6,94,0,731.6,105.3
10-11-2024,11:33:01,-6,-10,95.5,94,0,753,105.3
10-11-2024,11:33:31,-5,-10.2,95.5,94,0,753,105.3
10-11-2024,11:34:01,-6,-9.7,96.2,94,0,764.5,105.8
10-11-2024,11:34:31,-6,-9.7,96.2,94,0,757.7,105.8
10-11-2024,11:35:01,-4,-9.7,96.3,94,0,754.7,105.3
10-11-2024,11:35:31,-5,-9.7,96.3,94,0,757.1,105.3
10-11-2024,11:36:01,-8,-10.2,96.1,94,0,766.3,105.5
10-11-2024,11:36:31,-5,-10.2,96.1,94,0,766.3,105.5
10-11-2024,11:37:01,-7,-10.6,96,94,0,779.2,105.9
10-11-2024,11:37:31,-7,-10.3,96,94,0,779.2,105.9
10-11-2024,11:38:01,-6,-10.6,96,94,0,764.2,105.9
10-11-2024,11:38:31,-8,-10.4,96,94,0,764.2,105.9
10-11-2024,11:39:01,-3,-10.7,95.9,94,0,751.5,105.8
10-11-2024,11:39:31,-3,-10.7,95.9,94,0,751.5,105.8
10-11-2024,11:40:01,-8,-10.5,95.8,94,0,775.4,105.8
10-11-2024,11:40:31,-8,-10.5,95.8,94,0,774.3,105.8
10-11-2024,11:41:01,-6,-10.9,95.3,94,0,777.7,105.8
10-11-2024,11:41:31,-7,-10.9,95.3,94,0,777.7,105.9
10-11-2024,11:42:01,-5,-11.1,95.3,94,0,776.6,105.8
10-11-2024,11:42:31,-4,-11.1,95.3,94,0,776.6,105.8
10-11-2024,11:43:01,-6,-10.8,95.2,94,0,750.8,105.6
10-11-2024,11:43:31,-6,-10.8,95.2,94,0,750.8,105.6
10-11-2024,11:44:01,-5,-10.9,95.2,94,0,763.6,105.7
10-11-2024,11:44:31,-4,-10.9,95.2,94,0,769.4,105.8
10-11-2024,11:45:01,-7,-10.9,95.2,94,0,762,105.6
10-11-2024,11:45:31,-7,-10.9,95.2,94,0,762,105.6
10-11-2024,11:46:01,-6,-10.1,95.7,94,0,753.6,105.3
10-11-2024,11:46:31,-7,-10.1,95.7,94,0,756.6,105.3
10-11-2024,11:47:01,-4,-10.7,95.6,94,0,765.1,105.8
10-11-2024,11:47:31,-7,-10.5,95.6,94,0,760.1,105.8
10-11-2024,11:48:01,-13,-31.2,95.6,94,0,738.2,105.3
10-11-2024,11:48:31,-13,-31.2,95.6,94,0,738.2,105.3
10-11-2024,11:49:01,-7,-10.4,95.6,94,0,743.3,106
10-11-2024,11:49:31,-7,-10.9,95.6,94,0,743.4,106
10-11-2024,11:50:01,-4,-10.1,95.5,94,0,722.2,105.5
10-11-2024,11:50:31,-6,-10.1,95.5,94,0,722.2,105.5
10-11-2024,11:51:01,-3,-10.7,95.5,94,0,726,105.4
10-11-2024,11:51:31,-3,-10.5,95.5,94,0,726,105.4
10-11-2024,11:52:01,-6,-14.4,95.5,94,0,735,96.3
10-11-2024,11:52:31,-6,-14.4,95.5,94,0,735,97.8
10-11-2024,11:53:01,-3,-9.6,95.6,94,0,687.8,105.2
10-11-2024,11:53:31,-3,-10,95.6,94,0,687.8,105.2
10-11-2024,11:54:01,-5,-10.9,95.6,94,0,730.4,105.8
10-11-2024,11:54:31,-4,-10.9,95.6,94,0,742.1,105.6
10-11-2024,11:55:01,-12,-3,95.5,94,0,687.4,105.7
10-11-2024,11:55:31,-12,-3,95.5,94,0,687.4,105.7
10-11-2024,11:56:01,-4,-10.1,94.9,94,0,538.5,103.9
10-11-2024,11:56:31,-4,-10.1,95.4,94,0,538.5,103.9
10-11-2024,11:57:01,-5,-8.9,95.5,94,0,433.1,105.4
10-11-2024,11:57:31,-5,-8.9,95.5,94,0,602.5,104.3
10-11-2024,11:58:01,34,28.6,100.1,94,0,370.4,96.3
10-11-2024,11:58:31,34,28.6,100.1,94,0,370.4,96.3
10-11-2024,11:59:01,28,24.5,99.8,94,0,333.1,71.7
10-11-2024,11:59:31,28,24.1,99.8,94,0,333.1,74.7
10-11-2024,12:00:01,27,24.6,100.2,94,0,313.8,75.1
10-11-2024,12:00:31,27,24.6,100.2,94,0,360.1,75.1
10-11-2024,12:01:01,5,-0.3,99.9,93,0,301.8,74.4
10-11-2024,12:01:31,5,-0.3,99.9,93,0,301.8,74.4
10-11-2024,12:02:01,0,-3.9,99.9,93,0,289.7,103.2
10-11-2024,12:02:31,0,-3.5,99.9,93,0,289.7,103.2
10-11-2024,12:03:01,4,-1.6,99.7,93,0,279.6,101.3
10-11-2024,12:03:31,4,-1.6,99.7,93,0,280,101.3
10-11-2024,12:04:01,8,6.2,105.7,93,0,271.4,98.8
10-11-2024,12:04:31,11,6.4,105.7,93,0,271.4,98.8
10-11-2024,12:05:01,-15,-22.2,105,93,0,267.7,97.8
10-11-2024,12:05:31,-54,-59.4,105,93,0,268.8,97.8
10-11-2024,12:06:01,-4,-7.1,21.8,94,0,267.7,98.3
10-11-2024,12:06:31,-4,-7.1,21.8,94,0,267.7,98.3
10-11-2024,12:07:01,-7,-9.9,21.8,94,0,278.1,29
10-11-2024,12:07:31,-6,-9.7,21.8,94,0,278.1,32.3
10-11-2024,12:08:01,-4,-8.9,21.3,94,0,282.2,30.8
10-11-2024,12:08:31,-4,-8.9,21.3,94,0,282.2,30.8
10-11-2024,12:09:01,-5,-9.8,21.3,94,0,279.2,31.4
10-11-2024,12:09:31,-5,-9.8,21.3,94,0,279.2,31.4
10-11-2024,12:10:01,-4,-8.8,21.3,94,0,289.5,30.3
10-11-2024,12:10:31,-4,-9.2,21.3,94,0,289.5,30.3
10-11-2024,12:11:01,-4,-8.7,21.3,94,0,500.4,30.3
10-11-2024,12:11:31,-4,-8.7,21.3,94,0,500.4,30.3
10-11-2024,12:12:01,-4,-8.2,22,94,0,389.2,30.4
10-11-2024,12:12:31,-4,-8.2,22,94,0,392.6,30.4
10-11-2024,12:13:01,-3,-8.5,21.8,94,0,280.7,30.2
10-11-2024,12:13:31,-4,-8.5,21.8,94,0,280.5,30.2
10-11-2024,12:14:01,-4,-8.2,21.8,94,0,282.8,30.4
10-11-2024,12:14:31,-4,-8.2,21.9,94,0,282.8,30.3
10-11-2024,12:15:01,-4,-8.4,21.8,94,0,286.4,30.3
10-11-2024,12:15:31,-4,-8.4,21.8,94,0,286.4,30.4
10-11-2024,12:16:01,-5,-8.2,21.9,94,0,304.8,30.3
10-11-2024,12:16:31,-5,-8.2,21.9,94,0,304.8,30.3
10-11-2024,12:17:01,-4,-8.3,21.8,94,0,340.8,30.3
10-11-2024,12:17:31,-4,-8.3,21.9,94,0,340.8,30.3
10-11-2024,12:18:01,-4,-8.2,21.8,94,0,418.6,30.3
10-11-2024,12:18:31,-4,-9,21.8,94,0,361.9,30.3
10-11-2024,12:19:01,-1,-7.1,21.7,94,0,497.4,30.5
10-11-2024,12:19:31,-1,-7.1,21.7,94,0,493.7,30.5
10-11-2024,12:20:01,-5,-9.1,21.3,94,0,407.3,30.5
10-11-2024,12:20:31,-4,-9.1,21.3,94,0,418.1,30.5
10-11-2024,12:21:01,-5,-9,21.3,94,0,817.6,30.5
10-11-2024,12:21:31,-4,-9,21.3,94,0,817.6,30.5
10-11-2024,12:22:01,-5,-8.9,21.3,94,0,796.1,30.5
10-11-2024,12:22:31,-5,-8.9,21.3,94,0,796.1,30.5
10-11-2024,12:23:01,-4,-8,21.9,94,0,767.3,30.5
10-11-2024,12:23:31,-4,-8,21.9,94,0,767.3,32.7
10-11-2024,12:24:01,-5,-8.2,21.9,94,0,631.8,30.3
10-11-2024,12:24:31,-4,-8.2,21.9,94,0,631.8,30.3
10-11-2024,12:25:01,-4,-8.3,21.8,94,0,703.3,30.3
10-11-2024,12:25:31,-4,-8.3,21.8,94,0,661.6,30.2
10-11-2024,12:26:01,-4,-8.4,21.8,94,0,700.3,30.3
10-11-2024,12:26:31,-4,-8.3,21.8,94,0,701.1,30.3
10-11-2024,12:27:01,-3,-8.1,21.8,94,0,483.7,30.2
10-11-2024,12:27:31,0,-6.1,21.8,94,0,483.7,30.2
10-11-2024,12:28:01,-5,-9.9,21.8,94,0,332.3,30
10-11-2024,12:28:31,-6,-9.9,21.8,94,0,353,30
10-11-2024,12:29:01,-4,-10.2,21.9,94,0,300.6,32.1
10-11-2024,12:29:31,-4,-10.7,21.9,94,0,300.6,32.1
10-11-2024,12:30:01,-6,-8.8,21.3,94,0,271.4,31.9
10-11-2024,12:30:31,-4,-8.8,21.3,94,0,271.4,31.9
10-11-2024,12:31:01,-4,-7.8,21.3,94,0,259,21.7
10-11-2024,12:31:31,-4,-7.8,21.3,94,0,259,21.7
10-11-2024,12:32:01,-5,-8.8,21.3,94,0,250,30.1
10-11-2024,12:32:31,-5,-8.7,21.3,94,0,250,30.4
10-11-2024,12:33:01,-4,-9,21.3,94,0,241,30.1
10-11-2024,12:33:31,-4,-9,21.3,94,0,241,30.1
10-11-2024,12:34:01,-4,-8.1,22,94,0,234.8,30.4
10-11-2024,12:34:31,-4,-8.1,22,94,0,234.8,30.4
10-11-2024,12:35:01,-4,-8.2,21.8,94,0,234.5,30.2
10-11-2024,12:35:31,-4,-8.5,21.8,94,0,234.8,30.2
10-11-2024,12:36:01,-3,-6.2,21.8,94,0,232.6,30.2
10-11-2024,12:36:31,-3,-6.2,21.8,94,0,232.6,30.2
10-11-2024,12:37:01,12,7.6,40.9,94,0,236.9,33.2
10-11-2024,12:37:31,12,7.6,40.9,94,0,236.9,33.2
10-11-2024,12:38:01,-3,-9.5,41.7,94,0,250.7,52.2
10-11-2024,12:38:31,-1,-9.5,41.7,94,0,250.7,52.2
10-11-2024,12:39:01,-4,-6.3,41.5,94,0,257.7,50
10-11-2024,12:39:31,-4,-8.2,41.5,94,0,257.7,50
10-11-2024,12:40:01,-18,-23.6,25.4,94,0,260.9,49.7
10-11-2024,12:40:31,-5,-9,25.4,94,0,260.9,49.7
10-11-2024,12:41:01,4,4.8,28.8,94,0,262.8,34.2
10-11-2024,12:41:31,4,4.8,28.8,94,0,262.8,39.3
10-11-2024,12:42:01,-3,-8.5,43.4,94,0,269.7,51
10-11-2024,12:42:31,-3,-8.5,43.4,94,0,269.7,51
10-11-2024,12:43:01,-3,-8,43.3,94,0,286.3,52.4
10-11-2024,12:43:31,-8,-8.6,43.3,94,0,286.3,52.4
10-11-2024,12:44:01,0,-6.2,43.1,94,0,323.4,52.3
10-11-2024,12:44:31,0,-6.2,42.9,94,0,323.4,52.3
10-11-2024,12:45:01,-9,-11.1,43.6,94,0,698.5,52.5
10-11-2024,12:45:31,-1,-11.1,43.6,94,0,698.5,52.5
10-11-2024,12:46:01,-10,-10.4,43.8,94,0,751.7,54.8
10-11-2024,12:46:31,-10,19.2,43.8,94,0,751.7,54.6
10-11-2024,12:47:01,20,-13.9,73.6,94,0,761.2,54.7
10-11-2024,12:47:31,-9,-13.9,73.6,94,0,765.2,54.7
10-11-2024,12:48:01,-6,-10.1,73.3,94,0,760.7,81.9
10-11-2024,12:48:31,-6,-9.9,73.3,94,0,760.7,81.9
10-11-2024,12:49:01,-15,-18.2,71.9,94,0,749.2,82.2
10-11-2024,12:49:31,-15,-18.2,71.9,94,0,749.2,82.2
10-11-2024,12:50:01,-6,-9.4,60.3,94,0,739,73.2
10-11-2024,12:50:31,-10,-9.8,60.3,94,0,742,73.2
10-11-2024,12:51:01,0,-8.3,54.8,94,0,735.3,63.6
10-11-2024,12:51:31,-7,-8.3,54.8,94,0,735.3,63.6
10-11-2024,12:52:01,-1,-11.2,46.2,94,0,741.5,57.6
10-11-2024,12:52:31,-1,-8.4,46.2,94,0,741.3,57.6
10-11-2024,12:53:01,-9,-9,45.7,94,0,747.4,54.5
10-11-2024,12:53:31,-1,-9,45.7,94,0,747.4,54.5
10-11-2024,12:54:01,-7,-9.5,45.2,94,0,751.9,54.5
10-11-2024,12:54:31,-7,-9.3,45.2,94,0,751.1,54.5
10-11-2024,12:55:01,-3,-9.6,45.1,94,0,754.5,54.7
10-11-2024,12:55:31,-3,-9.6,45.1,94,0,754.5,54.7
10-11-2024,12:56:01,-3,-8.9,45,94,0,769.7,54.5
10-11-2024,12:56:31,-4,-8.9,45,94,0,769.7,54.5
10-11-2024,12:57:01,-1,-9.1,45.5,94,0,773.9,54.5
10-11-2024,12:57:31,-1,-9.1,45.2,94,0,773.9,54.5
10-11-2024,12:58:01,-8,-9,45.4,94,0,755.6,54.5
10-11-2024,12:58:31,-4,-8.5,45.3,94,0,755.6,54.5
10-11-2024,12:59:01,-4,-10.6,47.5,94,0,748.7,54.5
10-11-2024,12:59:31,-4,-12.5,47.5,94,0,748.7,54.5
10-11-2024,13:00:01,-8,-9.5,45.1,94,0,746.2,57.7
10-11-2024,13:00:31,-4,-9.5,45.1,94,0,744.8,54.7
10-11-2024,13:01:01,-8,-11.7,45.1,94,0,751.1,54.5
10-11-2024,13:01:31,-8,-11.7,45.1,94,0,751.1,54.5
10-11-2024,13:02:01,-2,-8.2,42.9,94,0,763.3,51.4
10-11-2024,13:02:31,-4,-8.5,42.9,94,0,763.3,51.4
10-11-2024,13:03:01,-5,-9.7,42.1,94,0,778.6,51.8
10-11-2024,13:03:31,-4,-9.6,42.1,94,0,778.6,51.8
10-11-2024,13:04:01,-7,-10,41.6,94,0,770.9,51.5
10-11-2024,13:04:31,-7,-9.8,41.6,94,0,770.9,51.5
10-11-2024,13:05:01,-4,-10.1,41.6,94,0,777.2,51.7
10-11-2024,13:05:31,-4,-9.9,41.6,94,0,777.2,51.7
10-11-2024,13:06:01,-5,-10.6,41.5,94,0,780.8,51.4
10-11-2024,13:06:31,-5,-10.6,41,94,0,787.1,51.4
10-11-2024,13:07:01,-2,-9.6,41.7,94,0,780.1,51.5
10-11-2024,13:07:31,-2,-9.7,41.7,94,0,780.1,51.5
10-11-2024,13:08:01,-6,-9.2,41.8,94,0,780.6,51.6
10-11-2024,13:08:31,-6,-9.2,41.8,94,0,780.2,51.5
10-11-2024,13:09:01,-4,-9.5,42.2,94,0,743.9,51.5
10-11-2024,13:09:31,-4,-9.5,41.9,94,0,743.9,51.5
10-11-2024,13:10:01,-2,-7.2,42.1,94,0,634.4,47.1
10-11-2024,13:10:31,-4,-7.2,42.1,94,0,634.4,47.1
10-11-2024,13:11:01,-7,-10.5,41.8,94,0,717,52.4
10-11-2024,13:11:31,-7,-11.3,41.8,94,0,717,52.4
10-11-2024,13:12:01,-4,-8.7,41.6,94,0,349.9,52.3
10-11-2024,13:12:31,-4,-8.7,41.6,94,0,359.4,52.3
10-11-2024,13:13:01,-6,-10.3,41.7,94,0,333.2,51.5
10-11-2024,13:13:31,-6,-10.3,42.3,94,0,333.2,51.8
10-11-2024,13:14:01,-2,-6.6,41.4,94,0,312.6,52.1
10-11-2024,13:14:31,-2,-6.6,41.4,94,0,312.6,52.1
10-11-2024,13:15:01,-4,-8.6,41.2,94,0,310.7,49.3
10-11-2024,13:15:31,-4,-8.6,41.2,94,0,312.2,49.3
10-11-2024,13:16:01,-6,-10.1,41.2,94,0,332.8,51
10-11-2024,13:16:31,-5,-9.6,41.2,94,0,333.3,51
10-11-2024,13:17:01,-7,-10.2,41.3,94,0,323.9,51.2
10-11-2024,13:17:31,-7,-9.6,41.3,94,0,323.9,51.4
10-11-2024,13:18:01,12,9.1,41.7,94,0,352.1,40.8
10-11-2024,13:18:31,12,9.1,42.2,94,0,352.1,40.8
10-11-2024,13:19:01,7,3.2,41.6,94,0,349,35.7
10-11-2024,13:19:31,7,3.2,41.6,94,0,351.3,35.7
10-11-2024,13:20:01,-6,-9.5,41.8,94,0,691,46.5
10-11-2024,13:20:31,-6,-9.5,41.8,94,0,691,46.5
10-11-2024,13:21:01,-16,-18.8,41.2,94,0,758.6,52
10-11-2024,13:21:31,-16,-18.8,41.2,94,0,758.6,52
10-11-2024,13:22:01,-23,-26.5,41.1,95,0,764.5,67.9
10-11-2024,13:22:31,-21,-26.5,41.1,95,0,764.5,67.9
10-11-2024,13:23:01,-24,-27.1,41.7,95,0,774.8,69
10-11-2024,13:23:31,-24,-27.1,41.7,95,0,774.8,69
10-11-2024,13:24:01,-22,-26.6,42.3,95,0,777.8,69
10-11-2024,13:24:31,-22,-26.6,42.3,95,0,775,68.7
10-11-2024,13:25:01,-20,-26,42.3,95,0,771.7,69.1
10-11-2024,13:25:31,-22,-26.6,42.3,95,0,772.1,69.1
10-11-2024,13:26:01,-23,-27.5,41.5,95,0,769.2,69
10-11-2024,13:26:31,-23,-27.3,41.5,95,0,770,68.9
10-11-2024,13:27:01,0,-0.6,41.5,95,0,772.7,69
10-11-2024,13:27:31,-18,-22.5,41.5,95,0,772.7,69
10-11-2024,13:28:01,30,28.4,68.9,95,0,778.5,76.4
10-11-2024,13:28:31,30,28.4,68.9,95,0,780.6,76.4
10-11-2024,13:29:01,-4,-11,107,95,0,777.8,115.3
10-11-2024,13:29:31,0,-11.1,105.6,95,0,777.8,115.6
10-11-2024,13:30:01,-4,-8.5,105.1,95,0,774.5,113.4
10-11-2024,13:30:31,-4,-8.5,105.1,95,0,774.5,113.4
10-11-2024,13:31:01,0,-6.2,109.9,95,0,782,113.6
10-11-2024,13:31:31,-5,-11.3,109.9,95,0,776.2,120.3
10-11-2024,13:32:01,3,-4.1,109.8,95,0,782.5,111.4
10-11-2024,13:32:31,3,-4.1,109.8,95,0,782.5,111.4
10-11-2024,13:33:01,-6,-10.6,110,95,0,772.8,119.8
10-11-2024,13:33:31,-5,-10.6,109.8,95,0,772.8,119.8
10-11-2024,13:34:01,0,0.3,112.4,95,0,777.9,119.1
10-11-2024,13:34:31,0,0,112.4,95,0,777.9,119.1
10-11-2024,13:35:01,5,3.7,112.3,95,0,762.2,111.6
10-11-2024,13:35:31,13,4.3,112.3,95,0,762.2,111.8
10-11-2024,13:36:01,3,0.7,125,95,0,765.3,117.7
10-11-2024,13:36:31,3,0.7,125,95,0,765.3,117.7
10-11-2024,13:37:01,17,14.1,130.3,95,0,749,128.9
10-11-2024,13:37:31,17,14.1,130.3,95,0,749,128.9
10-11-2024,13:38:01,-8,-14.6,147.8,94,0,750.4,154.4
10-11-2024,13:38:31,-8,-6.5,140.5,95,0,749.1,154.4
10-11-2024,13:39:01,13,8.1,151.8,94,0,722.6,140.7
10-11-2024,13:39:31,1,0.8,151.8,94,0,722.6,140.7
10-11-2024,13:40:01,12,4.8,164.3,94,0,688.2,165.9
10-11-2024,13:40:31,10,4.8,164.3,94,0,688.2,165.9
10-11-2024,13:41:01,62,63.6,177.6,94,0,369.1,155.2
10-11-2024,13:41:31,62,63.6,177.6,94,0,369.1,155.2
10-11-2024,13:42:01,4,1.6,178,94,0,566,133.2
10-11-2024,13:42:31,24,17.6,178,94,0,412.5,146.9
10-11-2024,13:43:01,1,-0.4,177.5,94,0,626.9,158.4
10-11-2024,13:43:31,1,-0.4,177.8,94,0,626.9,163.3
10-11-2024,13:44:01,50,44.6,177.6,94,0,368.2,139.3
10-11-2024,13:44:31,50,44.6,177.6,94,0,395.6,139.3
10-11-2024,13:45:01,78,72.3,177,93,0,296.2,106
10-11-2024,13:45:31,78,72.3,177,93,0,296.2,106
10-11-2024,13:46:01,76,76.4,176.7,93,0,281.3,102.2
10-11-2024,13:46:31,77,76.4,176.7,93,0,281.3,102.2
10-11-2024,13:47:01,71,68.3,166.6,92,0,268.9,96.7
10-11-2024,13:47:31,78,70.4,166.6,92,0,268.9,96.7
10-11-2024,13:48:01,75,72.8,167.7,92,0,261,95.2
10-11-2024,13:48:31,75,72.8,167,92,0,261,95.2
10-11-2024,13:49:01,71,75.5,169.3,91,0,259.7,93.1
10-11-2024,13:49:31,71,75.2,169.3,91,0,259.7,93.4
10-11-2024,13:50:01,85,76.7,169.2,91,0,254.2,91.7
10-11-2024,13:50:31,85,76.7,169.2,91,0,254.2,91.7
10-11-2024,13:51:01,67,65.1,161.8,90,0,257.8,92.2
10-11-2024,13:51:31,67,65.1,161.8,90,0,259.2,92.2
10-11-2024,13:52:01,49,47.1,141.9,90,0,254.7,94
10-11-2024,13:52:31,53,49,141.9,90,0,254.7,93.1
10-11-2024,13:53:01,58,53.3,141.7,89,0,243.7,90.3
10-11-2024,13:53:31,55,53.3,141.7,89,0,243.7,90.3
10-11-2024,13:54:01,36,34.2,121.3,89,0,234.3,84.8
10-11-2024,13:54:31,38,35.6,121.3,89,0,234.3,84.8
10-11-2024,13:55:01,42,37.8,120.5,89,0,227.5,83.1
10-11-2024,13:55:31,42,37.8,120.5,89,0,227.5,83.1
10-11-2024,13:56:01,40,38.9,120.8,89,0,224.1,81.5
10-11-2024,13:56:31,40,38.9,120.8,89,0,224.1,81.2
10-11-2024,13:57:01,42,37.5,120.7,88,0,226.6,82
10-11-2024,13:57:31,40,37.5,120.7,88,0,226.6,82
10-11-2024,13:58:01,38,35.4,120.8,88,0,231.3,83.1
10-11-2024,13:58:31,38,35.4,120.8,88,0,231.3,83.1
10-11-2024,13:59:01,35,32.6,121.3,88,0,238.7,87.3
10-11-2024,13:59:31,38,32.6,121.3,88,0,238.7,87.3
10-11-2024,14:00:01,32,29.9,121,88,0,244.9,89.2
10-11-2024,14:00:31,32,29.9,121,88,0,244.9,89.2
10-11-2024,14:01:01,26,24.7,121.5,87,0,257.7,91.5
10-11-2024,14:01:31,26,24.7,121.5,87,0,257.7,91.5
10-11-2024,14:02:01,17,15.3,120.9,87,0,281.3,102.7
10-11-2024,14:02:31,17,15.3,120.9,87,0,281.3,102.7
10-11-2024,14:03:01,12,7.7,120.5,87,0,299.8,108
10-11-2024,14:03:31,12,7.7,120.5,87,0,299.8,108
10-11-2024,14:04:01,-5,-8.8,115.5,87,0,331.7,121.2
10-11-2024,14:04:31,-5,-8.8,115.5,87,0,331.7,121.2
10-11-2024,14:05:01,-20,-23.7,115.4,87,0,364.8,133.7
10-11-2024,14:05:31,-20,-23.7,115.4,87,0,364.8,133.7
10-11-2024,14:06:01,-19,-26.6,112.3,87,0,631.4,137.5
10-11-2024,14:06:31,-16,-24.1,112.3,87,0,631.4,137.5
10-11-2024,14:07:01,-21,-24.8,112.3,88,0,635,136
10-11-2024,14:07:31,-19,-24.8,112.3,88,0,635.4,136
10-11-2024,14:08:01,-23,-25.4,111.4,88,0,631.8,136
10-11-2024,14:08:31,-23,-25.1,111.4,88,0,631.8,136
10-11-2024,14:09:01,-21,-25.5,110.9,88,0,627.3,136.3
10-11-2024,14:09:31,-21,-25.4,110.9,88,0,627.3,136.3
10-11-2024,14:10:01,-20,-25.6,110.6,88,0,611.1,135.7
10-11-2024,14:10:31,-20,-25.6,110.6,88,0,611.1,135.4
10-11-2024,14:11:01,-22,-24,110.5,88,0,600.4,135.9
10-11-2024,14:11:31,-20,-24,110.5,88,0,603.5,135.9
10-11-2024,14:12:01,-20,-25.1,111.1,88,0,599.4,135.7
10-11-2024,14:12:31,-23,-24.9,111.1,88,0,595.8,135.7
10-11-2024,14:13:01,-19,-23.9,111.7,88,0,601.3,134.5
10-11-2024,14:13:31,-19,-23.5,111.7,88,0,601.3,134.5
10-11-2024,14:14:01,-17,-24.3,111.6,89,0,598.1,135.2
10-11-2024,14:14:31,-17,-24.3,111.6,89,0,599.6,134.9
10-11-2024,14:15:01,-19,-23.7,111.6,89,0,606.7,134.9
10-11-2024,14:15:31,-19,-23.7,111.6,89,0,606.7,134.9
10-11-2024,14:16:01,-16,-23.4,111.6,89,0,598.5,135
10-11-2024,14:16:31,-18,-23.4,111.6,89,0,598.5,135
10-11-2024,14:17:01,-20,-24.5,111.5,89,0,616,135.4
10-11-2024,14:17:31,-16,-23.6,111.5,89,0,616,135.4
10-11-2024,14:18:01,-20,-23.7,112.1,89,0,618.1,135.5
10-11-2024,14:18:31,-19,-23.7,112.1,89,0,618.1,135.5
10-11-2024,14:19:01,-22,-25.1,111.4,89,0,624,136.3
10-11-2024,14:19:31,-22,-25.1,111.4,89,0,624,136.3
10-11-2024,14:20:01,-17,-25.6,110.9,89,0,630.5,136.1
10-11-2024,14:20:31,-17,-24.9,110.9,89,0,630.5,136.1
10-11-2024,14:21:01,-22,-25.9,110.9,90,0,636.2,136.4
10-11-2024,14:21:31,-22,-25.9,110.9,90,0,636.2,136.4
10-11-2024,14:22:01,-20,-25.1,110.8,90,0,637.8,136.1
10-11-2024,14:22:31,-20,-25.1,110.8,90,0,637.8,136.1
10-11-2024,14:23:01,-22,-24.5,111.4,90,0,639.1,136
10-11-2024,14:23:31,-21,-24.9,111.4,90,0,639.1,136
10-11-2024,14:24:01,-18,-24.3,111.6,90,0,636.7,135.6
10-11-2024,14:24:31,-17,-24.9,111.8,90,0,636.7,135.6
10-11-2024,14:25:01,-20,-23.6,111.6,90,0,633.1,135.6
10-11-2024,14:25:31,-20,-23.6,111.6,90,0,633.1,135.6
10-11-2024,14:26:01,-16,-23.5,111.6,90,0,627.3,134.9
10-11-2024,14:26:31,-16,-22.8,111.6,90,0,627.3,134.9
10-11-2024,14:27:01,-18,-23.9,111.6,90,0,619,134.4
10-11-2024,14:27:31,-18,-23.9,111.6,90,0,619,134.4
10-11-2024,14:28:01,-3,-6.1,111.8,91,0,607.8,117.6
10-11-2024,14:28:31,-3,-6.1,111.8,91,0,607.8,117.6
10-11-2024,14:29:01,-1,-5.7,112,91,0,600.5,117.2
10-11-2024,14:29:31,-1,-6.9,112,91,0,600.5,117.2
10-11-2024,14:30:01,0,-4.6,110.8,91,0,601.7,117.6
10-11-2024,14:30:31,0,-4.6,110.8,91,0,601.1,117.6
10-11-2024,14:31:01,1,-4.7,110.8,91,0,601.6,114.8
10-11-2024,14:31:31,0,-4.7,110.6,91,0,601.1,114.8
10-11-2024,14:32:01,-1,-4.3,110.8,91,0,592.5,114.8
10-11-2024,14:32:31,0,-4.6,110.8,91,0,592.5,114.8
10-11-2024,14:33:01,-2,-4,110.9,91,0,581.8,115.1
10-11-2024,14:33:31,-2,-4,110.9,91,0,581.8,115
10-11-2024,14:34:01,-1,-6.2,112.1,91,0,575.9,117.4
10-11-2024,14:34:31,-1,-6.2,112.1,91,0,575.9,117.4
10-11-2024,14:35:01,4,2.5,111.9,91,0,571.9,117.4
10-11-2024,14:35:31,4,2.5,111.9,91,0,571.9,117.4
10-11-2024,14:36:01,2,-0.5,120.9,91,0,566,125.5
10-11-2024,14:36:31,4,-0.5,120.9,91,0,566,125.5
10-11-2024,14:37:01,23,15.4,138.1,91,0,560.9,125.5
10-11-2024,14:37:31,23,10.7,138.1,91,0,560.9,125.5
10-11-2024,14:38:01,0,1.9,136.8,90,0,562.8,133.6
10-11-2024,14:38:31,0,1.9,136.8,90,0,562.8,133.6
10-11-2024,14:39:01,8,3.9,136.2,90,0,549.6,131.5
10-11-2024,14:39:31,8,3.9,136.2,90,0,549.6,131.5
10-11-2024,14:40:01,-16,-25.5,136.1,90,0,545.7,131.6
10-11-2024,14:40:31,-19,-25.5,136.1,90,0,544.4,131.6
10-11-2024,14:41:01,2,-4.5,136.4,91,0,546.2,159.2
10-11-2024,14:41:31,2,-4.5,136.4,91,0,546.2,143.1
10-11-2024,14:42:01,-4,-5.6,135.8,91,0,552.7,140.8
10-11-2024,14:42:31,-4,-5.6,135.8,91,0,550.2,140.8
10-11-2024,14:43:01,1,-6.6,135.9,91,0,561.5,140.4
10-11-2024,14:43:31,-4,-5.7,135.9,91,0,561.5,140.5
10-11-2024,14:44:01,3,-4.8,135.8,91,0,546.2,141.4
10-11-2024,14:44:31,3,-5.1,135.8,91,0,546.2,141.4
10-11-2024,14:45:01,-3,-9.7,136,91,0,534.2,140.1
10-11-2024,14:45:31,-3,-9.7,136,91,0,534.2,140.5
10-11-2024,14:46:01,2,-1.5,132.2,91,0,501.3,134.4
10-11-2024,14:46:31,-8,-14.4,132.2,91,0,501.3,134.4
10-11-2024,14:47:01,2,-1.8,114.1,91,0,481.9,128.1
10-11-2024,14:47:31,2,-1.8,114.1,91,0,481.9,128.1
10-11-2024,14:48:01,0,-3.1,114.1,91,0,474.5,116.3
10-11-2024,14:48:31,0,-3.2,114.1,91,0,474.5,116.3
10-11-2024,14:49:01,12,8.8,114.4,91,0,452.7,115.9
10-11-2024,14:49:31,12,8.8,114.4,91,0,452.7,115.9
10-11-2024,14:50:01,36,34.5,114.7,90,0,447.8,84.8
10-11-2024,14:50:31,36,34.5,114.7,90,0,447.8,84.8
10-11-2024,14:51:01,67,64.1,114.5,90,0,220.9,50.2
10-11-2024,14:51:31,67,65.1,114.5,90,0,220.9,50.2
10-11-2024,14:52:01,46,45.4,114.4,90,0,213.3,48.9
10-11-2024,14:52:31,46,45.4,114.4,90,0,217.2,48.9
10-11-2024,14:53:01,41,38.8,113.6,89,0,209.9,78.6
10-11-2024,14:53:31,44,40.5,113.6,89,0,209.9,72.8
10-11-2024,14:54:01,46,42.6,113.6,89,0,203.7,72
10-11-2024,14:54:31,45,42.6,113.6,89,0,203.7,72
10-11-2024,14:55:01,50,44.2,113.6,89,0,198.5,68.6
10-11-2024,14:55:31,50,44.2,113.6,89,0,198.5,68.6
10-11-2024,14:56:01,48,46.4,113.5,88,0,192.7,67.1
10-11-2024,14:56:31,48,46.4,113.4,88,0,192.7,67.1
10-11-2024,14:57:01,53,47.5,113.6,88,0,189.2,65.7
10-11-2024,14:57:31,53,47.5,113.6,88,0,189.2,65.7
10-11-2024,14:58:01,45,45.9,113.5,88,0,197.8,65.8
10-11-2024,14:58:31,45,45.9,113.5,88,0,197.8,65.8
10-11-2024,14:59:01,51,48.3,113.4,87,0,187,65
10-11-2024,14:59:31,51,48.3,113.4,87,0,187,65
10-11-2024,15:00:01,55,50.2,113.6,87,0,183,63.1
10-11-2024,15:00:31,54,50.2,113.6,87,0,183,63.1
10-11-2024,15:01:01,56,50.6,113.9,87,0,181.7,62.7
10-11-2024,15:01:31,56,50.7,113.9,87,0,181.7,62.7
10-11-2024,15:02:01,52,50.4,114.1,86,0,181.5,62.7
10-11-2024,15:02:31,55,50.4,114.1,86,0,181.7,62.7
10-11-2024,15:03:01,52,48.7,113.9,86,0,184.3,63.9
10-11-2024,15:03:31,52,48.7,113.9,86,0,184.3,63.9
10-11-2024,15:04:01,50,48.2,113.5,85,0,184.7,64.3
10-11-2024,15:04:31,50,48.2,113.5,85,0,184.7,64.3
10-11-2024,15:05:01,55,48.1,113.4,85,0,185.2,64.5
10-11-2024,15:05:31,55,48.1,113.4,85,0,184.8,64.4
10-11-2024,15:06:01,50,48.4,113.3,85,0,183,64.2
10-11-2024,15:06:31,55,48.4,112.8,85,0,183,64.2
10-11-2024,15:07:01,52,51.3,113.4,84,0,177.7,63
10-11-2024,15:07:31,52,51.3,113.4,84,0,177.7,63
10-11-2024,15:08:01,58,52.7,113.5,84,0,168.3,60.2
10-11-2024,15:08:31,58,52.7,113.5,84,0,168.3,60.2
10-11-2024,15:09:01,55,53.5,113.3,84,0,165.7,59.4
10-11-2024,15:09:31,55,53.5,113.3,84,0,165.7,59.4
10-11-2024,15:10:01,59,54.1,113.9,83,0,165.3,58.9
10-11-2024,15:10:31,59,54,113.9,83,0,165.4,58.9
10-11-2024,15:11:01,56,53.7,113.7,83,0,165.8,59.1
10-11-2024,15:11:31,58,53.7,113.7,83,0,165.8,59.1
10-11-2024,15:12:01,53,54.2,113.7,82,0,164.8,58.7
10-11-2024,15:12:31,58,54.2,113.7,82,0,164.8,58.7
10-11-2024,15:13:01,53,51.1,109.7,82,0,162.5,57.7
10-11-2024,15:13:31,52,51.4,109.7,82,0,162.5,57.7
10-11-2024,15:14:01,56,51.6,109.2,82,0,160.3,57.5
10-11-2024,15:14:31,56,51.6,109.2,82,0,160.3,57.5
10-11-2024,15:15:01,55,52.4,109.1,81,0,158.4,56.2
10-11-2024,15:15:31,54,52.4,109.1,81,0,158.4,56.2
10-11-2024,15:16:01,58,52.1,108.6,81,0,157.3,55.9
10-11-2024,15:16:31,58,52.2,108.6,81,0,157.3,55.9
10-11-2024,15:17:01,55,52.4,108.6,80,0,156.5,55.6
10-11-2024,15:17:31,55,52.4,108.6,80,0,156.9,55.6
10-11-2024,15:18:01,57,52.9,109.2,80,0,157.3,55.7
10-11-2024,15:18:31,58,52.8,109.2,80,0,157.3,55.7
10-11-2024,15:19:01,55,51.9,109.3,80,0,158.6,56
10-11-2024,15:19:31,55,51.9,109.2,80,0,158.6,56
10-11-2024,15:20:01,53,51.6,109.1,79,0,159.8,56.7
10-11-2024,15:20:31,54,51.6,109.1,79,0,159.8,56.7
10-11-2024,15:21:01,51,51.6,109.1,79,0,159.7,56.8
10-11-2024,15:21:31,52,51.6,109.1,79,0,159.7,56.8
10-11-2024,15:22:01,56,51.4,109.1,78,0,160.2,57
10-11-2024,15:22:31,57,51.8,109.1,78,0,160.2,57
10-11-2024,15:23:01,54,51.4,109.6,78,0,161,57.2
10-11-2024,15:23:31,54,51.4,109.6,78,0,161,57.2
10-11-2024,15:24:01,52,49.8,109.1,78,0,163.6,57.7
10-11-2024,15:24:31,48,49.8,109.1,78,0,163.6,57.7
10-11-2024,15:25:01,53,47.8,109.1,77,0,167.9,59.9
10-11-2024,15:25:31,53,47.8,109,77,0,167.9,59.9
10-11-2024,15:26:01,49,46.5,109.6,77,0,177.9,61.2
10-11-2024,15:26:31,50,46.5,109.6,77,0,177.9,61.2
10-11-2024,15:27:01,46,43.8,109.6,77,0,183.5,64.6
10-11-2024,15:27:31,46,43.8,109.4,77,0,183.5,64.6
10-11-2024,15:28:01,44,41.6,110.1,76,0,190.8,66.6
10-11-2024,15:28:31,45,41.6,110.1,76,0,190.8,66.6
10-11-2024,15:29:01,39,38.4,110,76,0,198.2,68.7
10-11-2024,15:29:31,39,38.4,110,76,0,198.2,68.7
10-11-2024,15:30:01,39,36,109.9,76,0,204.3,72.6
10-11-2024,15:30:31,39,36,109.9,76,0,204.3,72.6
10-11-2024,15:31:01,33,28.3,109.9,75,0,221.3,74.7
10-11-2024,15:31:31,33,28.3,109.9,75,0,221.3,74.7
10-11-2024,15:32:01,13,9.9,109.9,75,0,256.4,97.4
10-11-2024,15:32:31,13,9.9,109.9,75,0,253,97.4
10-11-2024,15:33:01,17,16.8,110.2,75,0,257.1,92.8
10-11-2024,15:33:31,8,5.9,110.2,75,0,257.1,92.8
10-11-2024,15:34:01,19,15.2,110,75,0,273.8,100.9
10-11-2024,15:34:31,19,15.2,110,75,0,266.1,94.2
10-11-2024,15:35:01,3,0.1,109.5,75,0,310.1,111.1
10-11-2024,15:35:31,3,0.1,109.5,75,0,285.4,111.1
10-11-2024,15:36:01,-13,-14.9,109.3,75,0,333.4,107.7
10-11-2024,15:36:31,-13,-14.9,109.3,75,0,333.4,107.7
10-11-2024,15:37:01,-10,-16.7,109.2,75,0,339.9,125.1
10-11-2024,15:37:31,-10,-16.3,109.2,75,0,339.9,125.1
10-11-2024,15:38:01,-14,-18.7,109.3,75,0,345.9,125.1
10-11-2024,15:38:31,-14,-18.7,109.3,75,0,345.9,125.1
10-11-2024,15:39:01,-19,-22.9,109.3,75,0,357,131.6
10-11-2024,15:39:31,-19,-23,109.3,75,0,357,131.6
10-11-2024,15:40:01,-17,-22.2,109.2,75,0,359.5,131.8
10-11-2024,15:40:31,-17,-21.5,109.2,75,0,358.9,131.8
10-11-2024,15:41:01,-18,-22.3,109.3,76,0,355.9,130.6
10-11-2024,15:41:31,-17,-22.3,109.2,76,0,357,130.6
10-11-2024,15:42:01,-19,-23.9,109.2,76,0,363.4,132.6
10-11-2024,15:42:31,-19,-23.9,109.2,76,0,363.4,132.6
10-11-2024,15:43:01,-16,-21.9,109.2,76,0,361,131.9
10-11-2024,15:43:31,-16,-21.9,109.2,76,0,361.7,131.9
10-11-2024,15:44:01,-17,-22.9,109.1,76,0,360.6,131.2
10-11-2024,15:44:31,-17,-22.4,109.1,76,0,360.6,131.2
10-11-2024,15:45:01,-17,-23.4,108.5,76,0,361.8,131.4
10-11-2024,15:45:31,-17,-23.4,108.5,76,0,361.8,131.4
10-11-2024,15:46:01,-20,-22.1,108.4,76,0,359.5,131.4
10-11-2024,15:46:31,-17,-22.1,108.4,76,0,359.5,131.4
10-11-2024,15:47:01,-14,-20.6,108.4,76,0,355.2,128.7
10-11-2024,15:47:31,-14,-20.6,108.4,76,0,355.2,128.7
10-11-2024,15:48:01,-16,-18.6,108.3,76,0,351,128
10-11-2024,15:48:31,-16,-18.6,108.3,76,0,351,128
10-11-2024,15:49:01,-13,-16.6,108.9,76,0,346.3,125.2
10-11-2024,15:49:31,-14,-16.6,108.9,76,0,346.3,125.2
10-11-2024,15:50:01,-10,-15.6,108,77,0,342,123.9
10-11-2024,15:50:31,-10,-15.6,108,77,0,342,123.9
10-11-2024,15:51:01,-8,-14.2,108.2,77,0,338.4,122.1
10-11-2024,15:51:31,-8,-14.2,108.2,77,0,338.4,122.1
10-11-2024,15:52:01,-11,-14,108.2,77,0,338.9,122.2
10-11-2024,15:52:31,-8,-14.2,108.2,77,0,338.9,122.2
10-11-2024,15:53:01,-11,-13.8,108.3,77,0,338,122.1
10-11-2024,15:53:31,-11,-13.8,108.3,77,0,338,122.1
10-11-2024,15:54:01,-6,-12.4,108.9,77,0,334.7,121
10-11-2024,15:54:31,-5,-12.4,108.9,77,0,334.7,121
10-11-2024,15:55:01,-7,-11,108.1,77,0,326.2,119.9
10-11-2024,15:55:31,-7,-11,108.1,77,0,326.2,119.9
10-11-2024,15:56:01,0,-9,108.1,77,0,321.6,116.8
10-11-2024,15:56:31,0,-9,108.1,77,0,321.6,116.8
10-11-2024,15:57:01,-5,-6.2,107.9,77,0,314.3,114.9
10-11-2024,15:57:31,0,-6.2,107.9,77,0,314.3,114.9
10-11-2024,15:58:01,-1,-1.6,108,77,0,303,112
10-11-2024,15:58:31,-1,-1.6,108,77,0,303,112
10-11-2024,15:59:01,7,2.1,107.9,77,0,296,106.9
10-11-2024,15:59:31,9,2.1,107.9,77,0,296,106.9
10-11-2024,16:00:01,6,6.1,108.6,77,0,285.2,103.7
10-11-2024,16:00:31,6,6.1,108.5,77,0,285.2,103.7
10-11-2024,16:01:01,11,8.9,108.5,77,0,278.1,99.4
10-11-2024,16:01:31,11,8.9,108.5,77,0,278.1,99.4
10-11-2024,16:02:01,16,12.3,108.4,77,0,266.6,96.8
10-11-2024,16:02:31,16,12.3,108.4,77,0,266.6,96.8
10-11-2024,16:03:01,18,13.5,108.6,77,0,263.7,95.1
10-11-2024,16:03:31,17,13.5,108.6,77,0,263.7,95.1
10-11-2024,16:04:01,21,16.3,108.7,76,0,256.8,92.8
10-11-2024,16:04:31,21,16.3,108.7,76,0,256.8,92.8
10-11-2024,16:05:01,25,21,108.4,76,0,244.5,89
10-11-2024,16:05:31,25,21,108.6,76,0,244.5,89
10-11-2024,16:06:01,24,22.2,108.2,76,0,239.2,85.4
10-11-2024,16:06:31,24,22.2,108.2,76,0,239.2,85.4
10-11-2024,16:07:01,31,25.7,107.8,76,0,231.2,83.1
10-11-2024,16:07:31,31,25.7,107.8,76,0,231.2,83.1
10-11-2024,16:08:01,39,32,107.3,76,0,209.6,79.5
10-11-2024,16:08:31,39,32,107.3,76,0,209.6,79.5
10-11-2024,16:09:01,35,33.7,107.3,75,0,210.9,74.5
10-11-2024,16:09:31,37,33.7,107.3,75,0,210.9,74.5
10-11-2024,16:10:01,46,46.7,107.9,75,0,186.5,70.3
10-11-2024,16:10:31,46,46.7,107.7,75,0,186.5,70.3
10-11-2024,16:11:01,57,54.8,107.7,75,0,151.8,52.6
10-11-2024,16:11:31,57,54.8,107.7,75,0,151.8,52.6
10-11-2024,16:12:01,54,55.3,107.7,74,0,149.7,52
10-11-2024,16:12:31,57,55.3,107.7,74,0,149.7,52
10-11-2024,16:13:01,60,56.1,108.2,74,0,148.4,51.6
10-11-2024,16:13:31,60,56.1,108.2,74,0,148.4,51.5
10-11-2024,16:14:01,63,55.9,108.2,73,0,149,51.7
10-11-2024,16:14:31,63,55.9,108.2,73,0,149,51.7
10-11-2024,16:15:01,60,56.2,108.1,73,0,147.3,51.4
10-11-2024,16:15:31,61,56,108.1,73,0,147.3,51.1
10-11-2024,16:16:01,57,55.1,107.6,73,0,147,51.4
10-11-2024,16:16:31,57,55.1,107.6,73,0,147,51.4
10-11-2024,16:17:01,59,54.1,107.6,72,0,148.1,52.3
10-11-2024,16:17:31,57,54.1,107.6,72,0,148.1,52.3
10-11-2024,16:18:01,55,52.4,107.5,72,0,151.7,54.2
10-11-2024,16:18:31,55,52.4,107.5,72,0,151.7,54.2
10-11-2024,16:19:01,50,48.3,107.9,71,0,163.1,57.1
10-11-2024,16:19:31,50,48.3,107.9,71,0,163.1,57.1
10-11-2024,16:20:01,51,46.5,107.6,71,0,174.5,59.8
10-11-2024,16:20:31,51,46.5,107.6,71,0,174.5,59.8
10-11-2024,16:21:01,47,45.6,107.7,71,0,176.7,61.1
10-11-2024,16:21:31,47,45.6,107.7,71,0,176.2,61.1
10-11-2024,16:22:01,25,21.9,104.1,70,0,183.5,61.9
10-11-2024,16:22:31,25,21.9,104.1,70,0,183.5,61.9
10-11-2024,16:23:01,21,20.4,85.7,70,0,187,64.6
10-11-2024,16:23:31,21,20.4,85.7,70,0,187,64.6
10-11-2024,16:24:01,22,18.6,85.7,70,0,191,65.6
10-11-2024,16:24:31,21,18.6,85.7,70,0,192.9,65.6
10-11-2024,16:25:01,37,35.8,85.1,70,0,157.9,66.7
10-11-2024,16:25:31,37,35.8,85.1,70,0,157.9,66.7
10-11-2024,16:26:01,29,26.7,79,70,0,146,50.8
10-11-2024,16:26:31,30,28.2,79,70,0,146,50.8
10-11-2024,16:27:01,17,15.5,64.9,69,0,143.8,49.7
10-11-2024,16:27:31,17,15.5,64.9,69,0,143.8,49.7
10-11-2024,16:28:01,-8,-11.2,38.7,70,0,144,49.5
10-11-2024,16:28:31,-8,-10.6,38.7,70,0,144,49.6
10-11-2024,16:29:01,-19,-22,38.6,70,0,162.2,52.4
10-11-2024,16:29:31,-19,-22,38.6,70,0,162.2,52.4
10-11-2024,16:30:01,-21,-25.1,36.8,70,0,182.2,62.1
10-11-2024,16:30:31,-19,-24.8,37.4,70,0,181.8,62.3
10-11-2024,16:31:01,-21,-23.2,37.4,70,0,178.5,61.2
10-11-2024,16:31:31,-21,-23.2,37.4,70,0,178.5,61.2
10-11-2024,16:32:01,-17,-21.8,37.5,70,0,174.7,60.2
10-11-2024,16:32:31,-19,-21.8,37.4,70,0,174.7,60.2
10-11-2024,16:33:01,-15,-20.8,37.3,70,0,165.8,58.1
10-11-2024,16:33:31,-13,-20.8,37.3,70,0,165.8,58.1
10-11-2024,16:34:01,-16,-19.6,36.8,70,0,162.8,57.1
10-11-2024,16:34:31,-16,-19.6,37,70,0,162.8,57.1
10-11-2024,16:35:01,-11,-16.3,36.9,70,0,154.7,53.2
10-11-2024,16:35:31,-12,-16.3,36.9,70,0,156.1,53.2
10-11-2024,16:36:01,-29,-32.2,25.9,71,0,154.1,53.6
10-11-2024,16:36:31,-29,-32.2,25.9,71,0,154.1,53.6
10-11-2024,16:37:01,-21,-27.1,18,71,0,138.3,48.9
10-11-2024,16:37:31,-21,-29,18,71,0,138.3,48.9
10-11-2024,16:38:01,-24,-27.5,18.1,71,0,132.6,45.2
10-11-2024,16:38:31,-24,-27.7,18.1,71,0,130.9,45.2
10-11-2024,16:39:01,-26,-30.7,16.3,71,0,136.9,45.1
10-11-2024,16:39:31,-25,-30.7,16.3,71,0,136.9,45.1
10-11-2024,16:40:01,-29,-31.6,16.3,71,0,141.4,48.3
10-11-2024,16:40:31,-26,-31.3,16.3,71,0,141.4,48.3
10-11-2024,16:41:01,-23,-30.2,16.8,71,0,139.9,47.8
10-11-2024,16:41:31,-28,-30.2,16.8,71,0,139.9,47.8
10-11-2024,16:42:01,-22,-28.8,17.1,72,0,135.8,47
10-11-2024,16:42:31,-22,-28.8,17.1,72,0,135.8,47
10-11-2024,16:43:01,-26,-28,17.1,72,0,134.3,45.5
10-11-2024,16:43:31,-26,-28,17.1,72,0,134.3,45.5
10-11-2024,16:44:01,-24,-27.2,17.1,72,0,132.3,44.8
10-11-2024,16:44:31,-23,-27.2,17.1,72,0,132.3,44.8
10-11-2024,16:45:01,-25,-26.9,17.1,72,0,131.7,44.3
10-11-2024,16:45:31,-25,-26.9,17.1,72,0,131.7,44.3
10-11-2024,16:46:01,-21,-26.5,17,72,0,130,43.7
10-11-2024,16:46:31,-21,-26,17,72,0,130,43.7
10-11-2024,16:47:01,-26,-28.4,16.6,72,0,127.3,43
10-11-2024,16:47:31,-26,-28.4,16.6,72,0,127.3,43
10-11-2024,16:48:01,-22,-28,13.7,73,0,126.2,42.2
10-11-2024,16:48:31,-22,-28,13.8,73,0,126.2,42.2
10-11-2024,16:49:01,-23,-26.3,13.7,73,0,122.8,41.3
10-11-2024,16:49:31,-23,-26.3,13.7,73,0,122.8,41.3
10-11-2024,16:50:01,-20,-24.5,13.9,73,0,119.3,39.2
10-11-2024,16:50:31,-20,-24.5,13.9,73,0,119.3,39.2
10-11-2024,16:51:01,-21,-23.6,14.3,73,0,112,38.3
10-11-2024,16:51:31,-21,-23.6,14.3,73,0,112,38.3
10-11-2024,16:52:01,-19,-21.8,13.7,73,0,107.7,37.2
10-11-2024,16:52:31,-19,-21.8,13.7,73,0,107.7,37.2
10-11-2024,16:53:01,-15,-20.3,13.7,73,0,102.2,34.6
10-11-2024,16:53:31,-17,-20.3,13.7,73,0,102.2,34.6
10-11-2024,16:54:01,-11,-18.2,13.6,73,0,96.7,33.3
10-11-2024,16:54:31,-11,-18.2,13.6,73,0,96.7,33.3
10-11-2024,16:55:01,-13,-16.6,13.7,73,0,87.8,30.8
10-11-2024,16:55:31,-10,-16.6,13.7,73,0,87.8,30.8
10-11-2024,16:56:01,-13,-15.4,13.2,74,0,84.1,29.6
10-11-2024,16:56:31,-13,-15.4,13.2,74,0,84.1,29.6
10-11-2024,16:57:01,-11,-14.3,13.2,74,0,80.5,27.7
10-11-2024,16:57:31,-11,-14.3,13.2,74,0,80.5,27.7
10-11-2024,16:58:01,-10,-13.7,13.2,74,0,77.6,27.2
10-11-2024,16:58:31,-10,-13.7,13.2,74,0,77.6,27.2
10-11-2024,16:59:01,-11,-13,13.1,74,0,76.4,26.9
10-11-2024,16:59:31,-10,-13,13.1,74,0,76.4,26.9
10-11-2024,17:00:01,-7,-11.2,13.5,74,0,74.4,25.7
10-11-2024,17:00:31,-7,-11.2,13.5,74,0,74.4,25.7
10-11-2024,17:01:01,-4,-10.8,14.3,74,0,73.3,25.3
10-11-2024,17:01:31,-4,-10.8,14.2,74,0,73.3,25.3
10-11-2024,17:02:01,-9,-10.9,14,74,0,73.2,25.2
10-11-2024,17:02:31,-6,-10.9,14,74,0,73.3,25.2
10-11-2024,17:03:01,-6,-11.1,14,74,0,73.7,25.4
10-11-2024,17:03:31,-6,-11,14,74,0,74,25.4
10-11-2024,17:04:01,-8,-10.8,14.1,74,0,73.5,25.3
10-11-2024,17:04:31,-7,-10.8,14.1,74,0,73.5,25.3
10-11-2024,17:05:01,-6,-10.6,14.1,74,0,73.1,25
10-11-2024,17:05:31,-7,-10.6,14.1,74,0,73.1,25
10-11-2024,17:06:01,-6,-10.1,14,74,0,72,24.7
10-11-2024,17:06:31,-6,-10.1,14,74,0,72,24.7
10-11-2024,17:07:01,-4,-9.6,13.8,74,0,70.4,23.7
10-11-2024,17:07:31,-4,-9.6,13.8,74,0,70.4,23.7
10-11-2024,17:08:01,-6,-9,13.7,74,0,68.4,23.2
10-11-2024,17:08:31,-5,-9,13.7,74,0,68.4,23.2
10-11-2024,17:09:01,-3,-8.3,13.5,74,0,64.2,22.5
10-11-2024,17:09:31,-4,-8.3,13.5,74,0,64.2,22.5
10-11-2024,17:10:01,-3,-7.4,13.5,74,0,62.1,21.3
10-11-2024,17:10:31,-3,-7.4,13.5,74,0,62.1,21.3
10-11-2024,17:11:01,-3,-6,13.9,74,0,60.4,20.7
10-11-2024,17:11:31,-3,-6,13.9,74,0,60.4,20.7
10-11-2024,17:12:01,0,-5.5,14.1,74,0,58.2,19.7
10-11-2024,17:12:31,0,-5.5,14.1,74,0,58.2,19.7
10-11-2024,17:13:01,-2,-4.8,13.9,74,0,56.8,19.3
10-11-2024,17:13:31,0,-4.8,13.9,74,0,56.8,19.3
10-11-2024,17:14:01,-2,-4.3,14,74,0,53.8,18.9
10-11-2024,17:14:31,-2,-4.3,14,74,0,53.8,18.9
10-11-2024,17:15:01,0,-4.1,14,74,0,52.8,18.3
10-11-2024,17:15:31,0,-4.1,14,74,0,52.8,18.3
10-11-2024,17:16:01,-2,-3.8,13.9,74,0,51.9,18.1
10-11-2024,17:16:31,-2,-4.1,13.9,74,0,51.9,18.1
10-11-2024,17:17:01,0,-3.8,13.5,74,0,50.9,17.6
10-11-2024,17:17:31,0,-3.8,13.5,74,0,50.9,17.6
10-11-2024,17:18:01,0,-3.4,13.5,74,0,49.7,17.1
10-11-2024,17:18:31,0,-3.4,13.5,74,0,49.7,17.1
10-11-2024,17:19:01,0,-2.9,13.5,74,0,48.8,16.6
10-11-2024,17:19:31,0,-2.9,13.5,74,0,48.8,16.6
10-11-2024,17:20:01,2,-2,13.5,74,0,47.8,16.3
10-11-2024,17:20:31,2,-2,13.5,74,0,47.8,16.3
10-11-2024,17:21:01,0,-1.6,14,74,0,46.6,16
10-11-2024,17:21:31,0,-1.6,13.9,74,0,46.6,16
10-11-2024,17:22:01,0,-1.2,13.8,74,0,45.4,15.2
10-11-2024,17:22:31,0,-1.2,13.8,74,0,45.4,15.2
10-11-2024,17:23:01,3,-0.5,13.8,74,0,41.8,14.9
10-11-2024,17:23:31,3,-0.8,13.8,74,0,41.8,14.9
10-11-2024,17:24:01,2,-0.4,13.3,74,0,40.7,14.1
10-11-2024,17:24:31,5,-0.4,13.3,74,0,40.7,14.1
10-11-2024,17:25:01,2,0,13.3,74,0,39.5,13.7
10-11-2024,17:25:31,2,0,13.3,74,0,39.5,13.7
10-11-2024,17:26:01,3,0.6,13.3,74,0,38.5,13.3
10-11-2024,17:26:31,3,0.6,13.3,74,0,38.5,13.3
10-11-2024,17:27:01,6,1.7,13.4,74,0,37.1,12.5
10-11-2024,17:27:31,6,1.7,13.4,74,0,37.1,12.5
10-11-2024,17:28:01,3,2.2,13.8,74,0,35.7,12.1
10-11-2024,17:28:31,6,2.2,13.8,74,0,35.7,12.1
10-11-2024,17:29:01,5,2.7,13.8,74,0,34.3,11.3
10-11-2024,17:29:31,5,2.7,13.8,74,0,34.3,11.3
10-11-2024,17:30:01,3,3.2,13.8,74,0,33.3,11
10-11-2024,17:30:31,3,3.2,13.7,74,0,33.3,11
10-11-2024,17:31:01,6,3.8,13.9,74,0,32,10.6
10-11-2024,17:31:31,6,3.8,13.9,74,0,32,10.6
10-11-2024,17:32:01,6,4.2,13.9,74,0,29.6,10.1
10-11-2024,17:32:31,6,4.2,13.9,74,0,29.6,10.1
10-11-2024,17:33:01,9,4.8,13.7,74,0,28.3,9.6
10-11-2024,17:33:31,9,4.8,13.8,74,0,28.3,9.6
10-11-2024,17:34:01,6,5,13.8,74,0,27.1,8.8
10-11-2024,17:34:31,6,4.9,13.8,74,0,27.1,8.8
10-11-2024,17:35:01,9,5.4,13.3,74,0,26.1,8.2
10-11-2024,17:35:31,9,5.4,13.3,74,0,26.1,8.2
10-11-2024,17:36:01,5,6,13.3,74,0,24.4,7.9
10-11-2024,17:36:31,7,6,13.3,74,0,24.4,7.9
10-11-2024,17:37:01,10,6.7,13.3,74,0,23.1,6.9
10-11-2024,17:37:31,11,6.7,13.3,74,0,23.1,6.9
10-11-2024,17:38:01,9,8,13.8,74,0,21.7,6.6
10-11-2024,17:38:31,9,8,13.8,74,0,21.7,6.6
10-11-2024,17:39:01,10,8.3,13.9,73,0,20.7,5.8
10-11-2024,17:39:31,9,8.3,13.9,73,0,20.7,5.8
10-11-2024,17:40:01,9,8.9,13.7,73,0,19.3,5.4
10-11-2024,17:40:31,9,8.9,13.8,73,0,19.3,5.4
10-11-2024,17:41:01,13,10.6,12.5,73,0,17.9,3.4
10-11-2024,17:41:31,12,10.6,12.5,73,0,17.9,3.4
10-11-2024,17:42:01,14,10.7,12.5,73,0,17,1.9
10-11-2024,17:42:31,12,10.7,12.5,73,0,17,1.9
10-11-2024,17:43:01,15,11.2,12.4,73,0,15.7,1.8
10-11-2024,17:43:31,15,11.2,12.4,73,0,15.7,1.8
10-11-2024,17:44:01,13,10.4,12.1,73,0,14.7,0.8
10-11-2024,17:44:31,13,11,12.1,73,0,14.7,1.4
10-11-2024,17:45:01,16,12.1,12,73,0,13.6,0.4
10-11-2024,17:45:31,15,12.2,12.1,73,0,13.6,0.4
10-11-2024,17:46:01,12,11.6,12,73,0,12.5,0.8
10-11-2024,17:46:31,13,11.6,12,73,0,12.5,0.8
10-11-2024,17:47:01,16,12.6,12,73,0,11.3,0
10-11-2024,17:47:31,16,12.3,12,73,0,11.3,0
10-11-2024,17:48:01,14,12.9,12.5,73,0,9.5,0.6
10-11-2024,17:48:31,13,12.9,12.5,73,0,9.5,0.6
10-11-2024,17:49:01,16,13.4,12.7,72,0,8.3,-0.1
10-11-2024,17:49:31,16,13.2,12.7,72,0,8.3,0
10-11-2024,17:50:01,17,13.5,13.3,72,0,7.6,0.2
10-11-2024,17:50:31,16,13.5,13.3,72,0,7.6,0.2
10-11-2024,17:51:01,19,14,13.8,72,0,6.7,0.1
10-11-2024,17:51:31,19,14.1,13.8,72,0,6.7,0.1
10-11-2024,17:52:01,16,13.9,13.8,72,0,5.6,0
10-11-2024,17:52:31,16,13.9,13.8,72,0,5.6,0
10-11-2024,17:53:01,14,13.9,13.6,72,0,5.1,0
10-11-2024,17:53:31,16,14.1,13.6,72,0,5.1,0
10-11-2024,17:54:01,17,13.6,13.6,72,0,4.4,-0.1
10-11-2024,17:54:31,17,13.6,13.6,72,0,4.4,-0.1
10-11-2024,17:55:01,15,13.5,13.1,72,0,3.9,-0.1
10-11-2024,17:55:31,14,13.5,13.1,72,0,3.9,-0.1
10-11-2024,17:56:01,16,13.6,13.1,72,0,3.2,-0.1
10-11-2024,17:56:31,16,13.6,13.1,72,0,3.2,-0.1
10-11-2024,17:57:01,15,13.3,13.1,71,0,2.8,-0.4
10-11-2024,17:57:31,16,13.3,13.1,71,0,2.8,-0.4
10-11-2024,17:58:01,17,14,13.1,71,0,2.6,0
10-11-2024,17:58:31,17,14,13.1,71,0,2.6,0
10-11-2024,17:59:01,15,13.8,13.6,71,0,2.4,0
10-11-2024,17:59:31,15,13.8,13.6,71,0,2.4,0
10-11-2024,18:00:01,16,13.8,13.3,71,0,2.2,0
10-11-2024,18:00:31,17,13.8,13.3,71,0,2.2,0
10-11-2024,18:01:01,14,14.1,13.4,71,0,2,-0.6
10-11-2024,18:01:31,14,14.1,13.4,71,0,2,-0.5
10-11-2024,18:02:01,15,13.7,13.3,71,0,1.7,-0.2
10-11-2024,18:02:31,15,13.6,13.3,71,0,1.7,-0.2
10-11-2024,18:03:01,16,14.1,13.2,71,0,1.8,-0.2
10-11-2024,18:03:31,15,14.1,13.3,71,0,1.7,-0.2
10-11-2024,18:04:01,17,13.7,13.2,71,0,1.6,-0.5
10-11-2024,18:04:31,15,14,13.3,71,0,1.6,-0.5
10-11-2024,18:05:01,17,13.5,13.2,71,0,1.5,-0.5
10-11-2024,18:05:31,15,13.5,13.2,71,0,1.5,-0.5
10-11-2024,18:06:01,13,11.4,11.5,70,0,1.3,-0.3
10-11-2024,18:06:31,13,11.4,11.5,70,0,1.3,-0.3
10-11-2024,18:07:01,15,11.3,10.9,70,0,1.2,-0.1
10-11-2024,18:07:31,13,11.3,10.9,70,0,1.2,-0.1
10-11-2024,18:08:01,15,11.7,10.9,70,0,1,-0.4
10-11-2024,18:08:31,14,11.7,10.9,70,0,1,-0.4
10-11-2024,18:09:01,15,11.5,11.1,70,0,1.1,-0.5
10-11-2024,18:09:31,14,11.6,11.1,70,0,1.1,-0.5
10-11-2024,18:10:01,15,11.7,10.6,70,0,0.8,-0.7
10-11-2024,18:10:31,15,11.6,10.6,70,0,0.9,-0.7
10-11-2024,18:11:01,15,12.4,11.2,70,0,0.9,-0.7
10-11-2024,18:11:31,15,12.4,11.2,70,0,0.9,-0.7
10-11-2024,18:12:01,16,11.7,11.1,70,0,0.8,-0.5
10-11-2024,18:12:31,16,11.8,11.1,70,0,0.9,-0.5
10-11-2024,18:13:01,12,12,11.1,70,0,0.7,-0.6
10-11-2024,18:13:31,12,11.9,11.1,70,0,0.7,-0.6
10-11-2024,18:14:01,13,11.7,11,70,0,0.8,-0.6
10-11-2024,18:14:31,12,11.7,11,70,0,0.8,-0.6
10-11-2024,18:15:01,14,12,11.1,69,0,0.8,-0.6
10-11-2024,18:15:31,14,12,11.1,69,0,0.8,-0.6
10-11-2024,18:16:01,15,11.5,11,69,0,0.7,-0.6
10-11-2024,18:16:31,15,11.5,11,69,0,0.7,-0.6
10-11-2024,18:17:01,13,11.2,10.6,69,0,0.8,-0.6
10-11-2024,18:17:31,12,11.2,10.6,69,0,0.8,-0.6
10-11-2024,18:18:01,14,11.6,10.7,69,0,0.7,-0.6
10-11-2024,18:18:31,14,11.5,10.7,69,0,0.7,-0.6
10-11-2024,18:19:01,13,11.5,10.6,69,0,0.6,-0.6
10-11-2024,18:19:31,13,11.5,10.7,69,0,0.7,-0.6
10-11-2024,18:20:01,14,11.6,10.6,69,0,0.6,-0.6
10-11-2024,18:20:31,14,11.5,10.6,69,0,0.7,-0.6
10-11-2024,18:21:01,15,12.2,10.7,69,0,0.6,-0.6
10-11-2024,18:21:31,15,12.2,10.7,69,0,0.7,-0.6
10-11-2024,18:22:01,14,12.9,11.9,69,0,0.6,-0.6
10-11-2024,18:22:31,14,12.6,11.9,69,0,0.7,-0.6
10-11-2024,18:23:01,16,12.3,11.7,69,0,0.6,-0.6
10-11-2024,18:23:31,16,12.3,11.7,69,0,0.6,-0.6
10-11-2024,18:24:01,15,11.9,11.5,69,0,0.7,-0.6
10-11-2024,18:24:31,15,12,11.5,69,0,0.7,-0.6
10-11-2024,18:25:01,12,11.8,11,68,0,0.6,-0.6
10-11-2024,18:25:31,12,11.8,11,68,0,0.7,-0.6
10-11-2024,18:26:01,14,12,11,68,0,0.6,-0.6
10-11-2024,18:26:31,15,11.8,11,68,0,0.6,-0.6
10-11-2024,18:27:01,11,12.4,11.4,68,0,0.7,-0.6
10-11-2024,18:27:31,11,12.4,11.4,68,0,0.7,-0.6
10-11-2024,18:28:01,15,12,11.6,68,0,0.6,-0.6
10-11-2024,18:28:31,15,12,11.6,68,0,0.7,-0.6
10-11-2024,18:29:01,12,12.2,11.4,68,0,0.7,-0.6
10-11-2024,18:29:31,12,12.1,11.4,68,0,0.7,-0.6
10-11-2024,18:30:01,15,12,11.4,68,0,0.6,-0.5
10-11-2024,18:30:31,14,12,11.4,68,0,0.7,-0.5
10-11-2024,18:31:01,13,11.9,11.4,68,0,0.6,-0.3
10-11-2024,18:31:31,15,11.9,11.4,68,0,0.6,-0.3
10-11-2024,18:32:01,12,11.7,11.4,68,0,0.7,-0.3
10-11-2024,18:32:31,12,11.7,11.4,68,0,0.6,-0.3
10-11-2024,18:33:01,15,11.3,11.5,68,0,0.7,-0.1
10-11-2024,18:33:31,13,11.3,11.5,68,0,0.7,-0.1
10-11-2024,18:34:01,12,11.2,11,68,0,0.6,-0.1
10-11-2024,18:34:31,12,11.3,11,68,0,0.6,-0.1
10-11-2024,18:35:01,14,11.1,11,67,0,0.7,-0.1
10-11-2024,18:35:31,14,11.1,11,67,0,0.7,-0.1
10-11-2024,18:36:01,13,11,10.7,67,0,0.6,-0.1
10-11-2024,18:36:31,15,11,10.7,67,0,0.6,-0.1
10-11-2024,18:37:01,12,10.9,10.6,67,0,0.6,-0.1
10-11-2024,18:37:31,12,10.9,10.6,67,0,0.6,-0.1
10-11-2024,18:38:01,14,11,10.7,67,0,0.7,-0.1
10-11-2024,18:38:31,15,11,10.7,67,0,0.7,-0.1
10-11-2024,18:39:01,13,11.6,11.3,67,0,0.6,-0.1
10-11-2024,18:39:31,13,11.6,11.3,67,0,0.7,-0.1
10-11-2024,18:40:01,14,11.7,11.4,67,0,0.6,-0.1
10-11-2024,18:40:31,13,11.6,11.4,67,0,0.6,-0.1
10-11-2024,18:41:01,13,11.4,11.1,67,0,0.7,-0.1
10-11-2024,18:41:31,13,11.4,11.1,67,0,0.7,-0.1
10-11-2024,18:42:01,15,11.3,11.1,67,0,0.7,-0.1
10-11-2024,18:42:31,15,11.3,11.1,67,0,0.7,-0.1
10-11-2024,18:43:01,15,10.9,11.1,67,0,0.7,-0.1
10-11-2024,18:43:31,15,10.9,11.1,67,0,0.7,-0.1
10-11-2024,18:44:01,12,11,10.6,67,0,0.7,-0.1
10-11-2024,18:44:31,12,11,10.6,67,0,0.7,-0.1
10-11-2024,18:45:01,14,11,10.7,67,0,0.7,-0.1
10-11-2024,18:45:31,12,11,10.7,67,0,0.7,-0.1
10-11-2024,18:46:01,15,10.9,10.6,66,0,0.6,-0.1
10-11-2024,18:46:31,15,10.9,10.6,66,0,0.6,-0.1
10-11-2024,18:47:01,14,10.9,10.6,66,0,0.7,-0.1
10-11-2024,18:47:31,14,10.9,10.6,66,0,0.7,-0.1
10-11-2024,18:48:01,16,11.8,10.6,66,0,0.6,-0.1
10-11-2024,18:48:31,16,12.1,10.6,66,0,0.7,-0.1
10-11-2024,18:49:01,15,11.7,11.6,66,0,0.6,-0.1
10-11-2024,18:49:31,15,11.7,11.6,66,0,0.6,-0.1
10-11-2024,18:50:01,12,11.6,11.4,66,0,0.7,-0.1
10-11-2024,18:50:31,12,11.7,11.4,66,0,0.7,-0.1
10-11-2024,18:51:01,15,11.6,11.3,66,0,0.6,-0.1
10-11-2024,18:51:31,14,11.6,11.3,66,0,0.7,-0.1
10-11-2024,18:52:01,12,11.6,11.3,66,0,0.6,-0.1
10-11-2024,18:52:31,14,11.6,11.3,66,0,0.7,-0.1
10-11-2024,18:53:01,11,11.9,11.4,66,0,0.6,-0.1
10-11-2024,18:53:31,11,11.9,11.6,66,0,0.6,-0.1
10-11-2024,18:54:01,15,11.6,11.3,66,0,0.7,-0.1
10-11-2024,18:54:31,13,11.6,11.3,66,0,0.6,-0.1
10-11-2024,18:55:01,14,11.2,11,66,0,0.7,-0.1
10-11-2024,18:55:31,14,11.2,11,66,0,0.7,-0.1
10-11-2024,18:56:01,12,11.3,10.9,66,0,0.6,-0.1
10-11-2024,18:56:31,14,11.2,10.9,66,0,0.6,-0.1
10-11-2024,18:57:01,11,11.1,10.9,65,0,0.6,-0.1
10-11-2024,18:57:31,11,11.2,10.9,65,0,0.6,-0.1
10-11-2024,18:58:01,14,10.9,11,65,0,0.7,-0.1
10-11-2024,18:58:31,11,10.9,11,65,0,0.7,-0.1
10-11-2024,18:59:01,13,11,10.7,65,0,0.6,-0.1
10-11-2024,18:59:31,13,11,10.7,65,0,0.6,-0.1
10-11-2024,19:00:01,15,10.9,10.6,65,0,0.7,-0.1
10-11-2024,19:00:31,13,10.9,10.6,65,0,0.6,-0.1
10-11-2024,19:01:01,15,11.4,11.1,65,0,0.7,-0.1
10-11-2024,19:01:31,15,11.4,11.1,65,0,0.7,-0.1
10-11-2024,19:02:01,11,11.6,11.2,65,0,0.7,-0.1
10-11-2024,19:02:31,11,11.4,11.2,65,0,0.7,-0.1
10-11-2024,19:03:01,14,11.4,11.1,65,0,0.6,-0.1
10-11-2024,19:03:31,11,11.4,11.1,65,0,0.7,-0.1
10-11-2024,19:04:01,15,11.4,11.2,65,0,0.6,-0.1
10-11-2024,19:04:31,15,11.4,11.2,65,0,0.7,-0.1
10-11-2024,19:05:01,11,11.4,11.2,65,0,0.6,-0.1
10-11-2024,19:05:31,11,11.4,11.2,65,0,0.6,-0.1
10-11-2024,19:06:01,14,11,10.7,65,0,0.7,-0.1
10-11-2024,19:06:31,14,11,10.7,65,0,0.7,-0.1
10-11-2024,19:07:01,12,10.9,10.7,64,0,0.6,-0.1
10-11-2024,19:07:31,14,10.9,10.6,64,0,0.7,-0.1
10-11-2024,19:08:01,12,11.6,11.2,64,0,0.7,-0.1
10-11-2024,19:08:31,12,11.6,11.2,64,0,0.7,-0.1
10-11-2024,19:09:01,13,11.2,11.2,64,0,0.6,-0.1
10-11-2024,19:09:31,13,11.2,11.2,64,0,0.6,-0.1
10-11-2024,19:10:01,15,11.3,11,64,0,0.6,-0.1
10-11-2024,19:10:31,14,11.3,11,64,0,0.6,-0.1
10-11-2024,19:11:01,11,10.7,10.6,64,0,0.7,-0.1
10-11-2024,19:11:31,11,10.7,10.6,64,0,0.7,-0.1
10-11-2024,19:12:01,14,11.3,11.1,64,0,0.6,-0.1
10-11-2024,19:12:31,14,11.3,11.1,64,0,0.6,-0.1
10-11-2024,19:13:01,11,11.1,10.9,64,0,0.7,-0.1
10-11-2024,19:13:31,11,11.1,10.9,64,0,0.7,-0.1
10-11-2024,19:14:01,13,11.2,10.9,64,0,0.7,-0.1
10-11-2024,19:14:31,13,11.2,10.9,64,0,0.7,-0.1
10-11-2024,19:15:01,12,11.2,10.9,64,0,0.7,-0.1
10-11-2024,19:15:31,12,11.2,10.9,64,0,0.7,-0.1
10-11-2024,19:16:01,14,11.1,10.8,64,0,0.7,-0.1
10-11-2024,19:16:31,14,11.2,10.8,64,0,0.7,-0.1
10-11-2024,19:17:01,11,10.5,10.9,64,0,0.7,-0.1
10-11-2024,19:17:31,11,10.5,10.9,64,0,0.7,-0.1
10-11-2024,19:18:01,13,10.4,10.1,63,0,0.7,-0.1
10-11-2024,19:18:31,13,10.4,10.1,63,0,0.7,-0.1
10-11-2024,19:19:01,12,10.3,10.1,63,0,0.6,-0.1
10-11-2024,19:19:31,12,10.4,10.1,63,0,0.6,-0.1
10-11-2024,19:20:01,13,10.4,10.2,63,0,0.7,-0.1
10-11-2024,19:20:31,12,10.4,10.2,63,0,0.6,-0.1
10-11-2024,19:21:01,11,10.4,10.1,63,0,0.7,-0.1
10-11-2024,19:21:31,11,10.4,10.1,63,0,0.7,-0.1
10-11-2024,19:22:01,14,11.2,10.3,63,0,0.6,-0.1
10-11-2024,19:22:31,14,11.2,10.3,63,0,0.6,-0.1
10-11-2024,19:23:01,12,11.7,11.3,63,0,0.7,-0.1
10-11-2024,19:23:31,12,11.7,11.3,63,0,0.7,-0.1
10-11-2024,19:24:01,14,11.1,10.8,63,0,0.8,-0.1
10-11-2024,19:24:31,14,11.1,10.8,63,0,0.7,-0.1
10-11-2024,19:25:01,12,11.3,10.9,63,0,0.6,-0.1
10-11-2024,19:25:31,11,11.3,10.9,63,0,0.6,-0.1
10-11-2024,19:26:01,14,10.9,10.6,63,0,0.7,-0.1
10-11-2024,19:26:31,14,10.8,10.6,63,0,0.7,-0.1
10-11-2024,19:27:01,12,11.3,10.5,63,0,0.6,-0.1
10-11-2024,19:27:31,14,11.3,10.5,63,0,0.6,-0.1
10-11-2024,19:28:01,15,11.4,11.1,63,0,0.7,-0.1
10-11-2024,19:28:31,15,11.4,11.1,63,0,0.6,-0.1
10-11-2024,19:29:01,13,11.3,11.1,62,0,0.7,-0.1
10-11-2024,19:29:31,14,11.4,11.1,62,0,0.7,-0.1
10-11-2024,19:30:01,12,11.3,11.1,62,0,0.6,-0.1
10-11-2024,19:30:31,14,11.3,11.1,62,0,0.7,-0.1
10-11-2024,19:31:01,15,11.4,11,62,0,0.5,-0.1
10-11-2024,19:31:31,15,11.3,11,62,0,0.6,-0.1
10-11-2024,19:32:01,12,11.2,11,62,0,0.7,-0.1
10-11-2024,19:32:31,12,11.2,11,62,0,0.7,-0.1
10-11-2024,19:33:01,15,11.2,10.9,62,0,0.7,-0.1
10-11-2024,19:33:31,15,11.2,10.9,62,0,0.7,-0.1
10-11-2024,19:34:01,14,11.8,11.5,62,0,0.6,-0.1
10-11-2024,19:34:31,14,11.9,11.6,62,0,0.6,-0.1
10-11-2024,19:35:01,12,11.6,11.3,62,0,0.7,-0.1
10-11-2024,19:35:31,14,11.6,11.3,62,0,0.7,-0.1
10-11-2024,19:36:01,14,11.6,11.3,62,0,0.7,-0.1
10-11-2024,19:36:31,14,11.6,11.3,62,0,0.7,-0.1
10-11-2024,19:37:01,11,11.3,11,62,0,0.7,-0.1
10-11-2024,19:37:31,14,11.3,11,62,0,0.7,-0.1
10-11-2024,19:38:01,12,11.2,10.9,61,0,0.6,-0.1
10-11-2024,19:38:31,14,11.2,10.9,61,0,0.6,-0.1
10-11-2024,19:39:01,12,11.1,10.9,61,0,0.7,-0.1
10-11-2024,19:39:31,12,11.1,10.9,61,0,0.7,-0.1
10-11-2024,19:40:01,16,11.2,10.8,61,0,0.6,-0.1
10-11-2024,19:40:31,16,11.2,10.8,61,0,0.6,-0.1
10-11-2024,19:41:01,13,11.3,10.9,61,0,0.6,-0.1
10-11-2024,19:41:31,12,11.3,10.9,61,0,0.6,-0.1
10-11-2024,19:42:01,15,11.6,11,61,0,0.6,-0.1
10-11-2024,19:42:31,15,11.6,11,61,0,0.6,-0.1
10-11-2024,19:43:01,14,11.2,11.2,61,0,0.7,-0.1
10-11-2024,19:43:31,14,11.2,11,61,0,0.7,-0.1
10-11-2024,19:44:01,14,11.3,11,61,0,0.6,-0.1
10-11-2024,19:44:31,14,11.3,11,61,0,0.6,-0.1
10-11-2024,19:45:01,12,11.4,11,61,0,0.7,-0.1
10-11-2024,19:45:31,14,11.3,11,61,0,0.7,-0.1
10-11-2024,19:46:01,13,11.4,11,61,0,0.7,-0.1
10-11-2024,19:46:31,13,11.3,11,61,0,0.7,-0.1
10-11-2024,19:47:01,10,10.8,11,60,0,0.6,-0.1
10-11-2024,19:47:31,10,10.8,11,60,0,0.6,-0.1
10-11-2024,19:48:01,13,10.8,10.5,60,0,0.7,-0.1
10-11-2024,19:48:31,13,10.8,10.5,60,0,0.7,-0.1
10-11-2024,19:49:01,15,11.1,10.5,60,0,0.6,-0.1
10-11-2024,19:49:31,15,11.1,10.5,60,0,0.6,-0.1
10-11-2024,19:50:01,12,11.4,11.1,60,0,0.7,-0.1
10-11-2024,19:50:31,12,11.4,11.1,60,0,0.6,-0.1
10-11-2024,19:51:01,13,11.1,10.9,60,0,0.7,-0.1
10-11-2024,19:51:31,12,11.1,10.9,60,0,0.7,-0.1
10-11-2024,19:52:01,15,11.6,10.8,60,0,0.6,-0.1
10-11-2024,19:52:31,15,11.6,10.8,60,0,0.6,-0.1
10-11-2024,19:53:01,13,11.5,11.4,60,0,0.7,-0.1
10-11-2024,19:53:31,14,11.5,11.3,60,0,0.7,-0.1
10-11-2024,19:54:01,16,11.7,11.5,60,0,0.6,-0.1
10-11-2024,19:54:31,16,11.7,11.5,60,0,0.6,-0.1
10-11-2024,19:55:01,14,11.6,11.3,60,0,0.8,-0.1
10-11-2024,19:55:31,14,11.6,11.3,60,0,0.8,-0.1
10-11-2024,19:56:01,13,11.3,11.1,60,0,0.6,-0.1
10-11-2024,19:56:31,13,11.3,11.1,60,0,0.7,-0.1
10-11-2024,19:57:01,13,11.2,10.9,59,0,0.7,-0.1
10-11-2024,19:57:31,13,11.3,11,59,0,0.7,-0.1
10-11-2024,19:58:01,13,10.8,10.5,59,0,0.6,-0.1
10-11-2024,19:58:31,13,10.8,10.5,59,0,0.6,-0.1
10-11-2024,19:59:01,12,10.8,10.5,59,0,0.7,-0.1
10-11-2024,19:59:31,13,10.8,10.5,59,0,0.6,-0.1
10-11-2024,20:00:01,11,10.9,10.5,59,0,0.7,-0.1
10-11-2024,20:00:31,13,10.8,10.5,59,0,0.7,-0.1
10-11-2024,20:01:01,13,11.3,10.5,59,0,0.7,-0.1
10-11-2024,20:01:31,13,11.4,10.5,59,0,0.7,-0.1
10-11-2024,20:02:01,14,11.1,11,59,0,0.6,-0.1
10-11-2024,20:02:31,13,11.1,11,59,0,0.6,-0.1
10-11-2024,20:03:01,13,11.1,10.8,59,0,0.6,-0.1
10-11-2024,20:03:31,13,11.1,10.8,59,0,0.6,-0.1
10-11-2024,20:04:01,14,11.7,11.1,59,0,0.7,-0.1
10-11-2024,20:04:31,14,11.7,11.1,59,0,0.7,-0.1
10-11-2024,20:05:01,14,11.5,11.4,59,0,0.7,-0.1
10-11-2024,20:05:31,14,11.6,11.2,59,0,0.7,-0.1
10-11-2024,20:06:01,13,11.2,11.3,58,0,0.6,-0.1
10-11-2024,20:06:31,13,11.2,11.3,58,0,0.7,-0.1
10-11-2024,20:07:01,12,11.3,10.9,58,0,0.7,-0.1
10-11-2024,20:07:31,13,11.2,10.9,58,0,0.7,-0.1
10-11-2024,20:08:01,12,11.2,11,58,0,0.7,-0.1
10-11-2024,20:08:31,13,11.2,11,58,0,0.7,-0.1
10-11-2024,20:09:01,11,10.4,10.9,58,0,0.7,-0.1
10-11-2024,20:09:31,14,10.4,10.9,58,0,0.7,-0.1
10-11-2024,20:10:01,10,9.8,10.1,58,0,0.6,-0.1
10-11-2024,20:10:31,10,9.8,10.1,58,0,0.6,-0.1
10-11-2024,20:11:01,13,10.1,9.5,58,0,0.7,-0.1
10-11-2024,20:11:31,13,10.1,9.5,58,0,0.6,-0.1
10-11-2024,20:12:01,12,10.4,10,58,0,0.6,-0.1
10-11-2024,20:12:31,13,10.4,10,58,0,0.6,-0.1
10-11-2024,20:13:01,12,10.1,9.9,58,0,0.7,-0.1
10-11-2024,20:13:31,13,10.1,9.9,58,0,0.7,-0.1
10-11-2024,20:14:01,13,10.1,9.8,58,0,0.6,-0.1
10-11-2024,20:14:31,13,10.1,9.8,58,0,0.6,-0.1
10-11-2024,20:15:01,12,10.7,10.2,58,0,0.7,-0.1
10-11-2024,20:15:31,12,10.7,10.2,58,0,0.6,-0.1
10-11-2024,20:16:01,13,10.3,10.3,57,0,0.7,-0.1
10-11-2024,20:16:31,12,10.3,10.3,57,0,0.7,-0.1
10-11-2024,20:17:01,11,10.2,9.9,57,0,0.6,-0.1
10-11-2024,20:17:31,12,10.2,10,57,0,0.6,-0.1
10-11-2024,20:18:01,13,10.2,9.9,57,0,0.7,-0.1
10-11-2024,20:18:31,12,10.2,9.9,57,0,0.6,-0.1
10-11-2024,20:19:01,11,10.2,9.9,57,0,0.7,-0.1
10-11-2024,20:19:31,10,10.2,9.9,57,0,0.7,-0.1
10-11-2024,20:20:01,13,9.9,9.9,57,0,0.6,-0.1
10-11-2024,20:20:31,13,9.9,9.9,57,0,0.7,-0.1
10-11-2024,20:21:01,12,10.9,9.5,57,0,0.6,-0.1
10-11-2024,20:21:31,13,10.9,9.5,57,0,0.7,-0.1
10-11-2024,20:22:01,11,10.5,10.6,57,0,0.6,-0.1
10-11-2024,20:22:31,11,10.5,10.5,57,0,0.6,-0.1
10-11-2024,20:23:01,14,10.5,10.2,57,0,0.7,-0.1
10-11-2024,20:23:31,14,10.6,10.3,57,0,0.6,-0.1
10-11-2024,20:24:01,13,10.2,9.9,57,0,0.6,-0.1
10-11-2024,20:24:31,13,10.2,9.9,57,0,0.6,-0.1
10-11-2024,20:25:01,12,10.3,10,57,0,0.7,-0.1
10-11-2024,20:25:31,12,10.3,10,57,0,0.7,-0.1
10-11-2024,20:26:01,13,10.2,9.9,56,0,0.5,-0.1
10-11-2024,20:26:31,13,10.2,9.9,56,0,0.5,-0.1
10-11-2024,20:27:01,13,10.7,10,56,0,0.7,-0.1
10-11-2024,20:27:31,13,10.7,10,56,0,0.7,-0.1
10-11-2024,20:28:01,14,10.8,10.4,56,0,0.6,-0.1
10-11-2024,20:28:31,14,10.8,10.4,56,0,0.6,-0.1
10-11-2024,20:29:01,13,11.2,10.9,56,0,0.7,-0.1
10-11-2024,20:29:31,13,11.2,10.9,56,0,0.6,-0.1
10-11-2024,20:30:01,12,10.9,10.7,56,0,0.6,-0.1
10-11-2024,20:30:31,12,10.9,10.7,56,0,0.6,-0.1
10-11-2024,20:31:01,13,11,10.6,56,0,0.7,-0.1
10-11-2024,20:31:31,13,10.9,10.6,56,0,0.7,-0.1
10-11-2024,20:32:01,12,11,10.6,56,0,0.6,-0.1
10-11-2024,20:32:31,12,10.9,10.6,56,0,0.6,-0.1
10-11-2024,20:33:01,13,10.5,10.6,56,0,0.6,-0.1
10-11-2024,20:33:31,13,10.5,10.6,56,0,0.6,-0.1
10-11-2024,20:34:01,11,10.2,9.9,56,0,0.7,-0.1
10-11-2024,20:34:31,13,10.2,9.9,56,0,0.7,-0.1
10-11-2024,20:35:01,13,10.3,9.9,56,0,0.6,-0.1
10-11-2024,20:35:31,13,10.3,9.9,56,0,0.6,-0.1
10-11-2024,20:36:01,13,10.2,9.9,55,0,0.7,-0.1
10-11-2024,20:36:31,13,10.2,9.9,55,0,0.6,-0.1
10-11-2024,20:37:01,14,10.2,9.9,55,0,0.7,-0.1
10-11-2024,20:37:31,13,10.2,9.9,55,0,0.7,-0.1
10-11-2024,20:38:01,12,10.2,9.9,55,0,0.6,-0.1
10-11-2024,20:38:31,13,10.1,9.9,55,0,0.6,-0.1
10-11-2024,20:39:01,12,10.6,10,55,0,0.7,-0.1
10-11-2024,20:39:31,12,10.6,10,55,0,0.7,-0.1
10-11-2024,20:40:01,14,11.3,10.7,55,0,0.6,-0.1
10-11-2024,20:40:31,14,11.3,10.7,55,0,0.6,-0.1

